ISBN,Book-Title,Price,Year-Of-Publication,Publisher ID
0195153448,Classical Mythology,75,2002,1
0198320264,Julius Caesar (Oxford School Shakespeare),20,2001,1
0192815318,Cranford (The World's Classics),25,1982,1
0198604025,How Not to Say What You Mean: A Dictionary of Euphemisms (Oxford Paperback Reference S.),80,2003,1
0002005018,Clara Callan,30,2001,2
0060973129,Decision in Normandy,85,1991,3
0374157065,Flu: The Story of the Great Influenza Pandemic of 1918 and the Search for the Virus That Caused It,45,1999,4
0374386676,The Year They Burned the Books,80,1999,4
0393045218,The Mummies of Urumchi,35,1999,5
0393318435,Leaving Pipe Shop: Memories of Kin,60,1998,5
0399135782,The Kitchen God's Wife,60,1991,6
0399138684,The Cat Who Came to Breakfast (Cat Who... (Hardcover)),30,1994,6
0399137807,The Cat Who Wasn't There,65,1992,6
039914370X,Sudden Mischief (Spenser Mysteries (Hardcover)),85,1998,6
0425176428,What If?: The World's Foremost Military Historians Imagine What Might Have Been,55,2000,7
0425163091,Chocolate Jesus,80,1998,7
0425182908,Isle of Dogs,45,2002,7
042518630X,Purity in Death,25,2002,7
042511774X,Breathing Lessons,50,1994,7
0425184226,The Sum of All Fears,50,2002,7
0425164403,Only Love (Magical Love),60,1998,7
0425120279,The Hunt for Red October,55,1990,7
0425098109,Thieves of Light (Photon : the Ultimate Game on Planet Earth),20,1987,7
0425156842,Sophie's World: A Novel About the History of Philosophy (Berkeley Signature Edition),80,1997,7
0425178242,Kick Ass: Selected Columns of Carl Hiaasen,25,2001,7
0425181111,Strangers,80,2002,7
0425182878,Chosen Prey,70,2004,7
042517736X,Abduction,25,2000,7
0425179672,The River King,75,2001,7
0425174484,"Expecting Adam: A True Story of Birth, Rebirth, and Everyday Magic",75,2000,7
0425169626,Waking the Dead,55,2000,7
0425184129,Big Trouble,30,2002,7
0425142485,The Funhouse,20,1994,7
0425049981,Titan,75,1980,7
0425161722,Net Force,30,1999,7
0425134350,Patriot Games,85,1992,7
0425166619,Toxin,40,1999,7
0671870432,PLEADING GUILTY,60,1993,8
0679425608,Under the Black Flag: The Romance and the Reality of Life Among the Pirates,80,1996,9
0394743741,The yawning heights,30,1980,9
0375509038,The Right Man : The Surprise Presidency of George W. Bush,70,2003,9
0679429220,Midnight in the Garden of Good and Evil: A Savannah Story,60,1994,9
0375500766,Care Packages : Letters to Christopher Reeve from Strangers and Other Friends,50,1999,9
0679427430,Wouldn't Take Nothing for My Journey Now,65,1993,9
0679442790,The Reader,20,1997,9
039457513X,Billy Bathgate,70,1989,9
074322678X,Where You'll Find Me: And Other Stories,50,2002,10
0684823802,OUT OF THE SILENT PLANET,35,1996,10
0684848783,Tis : A Memoir,30,1999,10
0684193957,ALL THAT REMAINS,60,1992,10
0684177730,The SKULL BENEATH THE SKIN,45,1982,10
0684824442,REEF,35,1996,10
068484267X,Angela's Ashes: A Memoir,50,1999,10
0684801221,OLD MAN AND THE SEA,20,1995,10
0743230051,He Sees You When You're Sleeping : A Novel,75,2001,10
0743211383,Dreamcatcher,40,2001,10
0771074670,Nights Below Station Street,35,1988,11
080652121X,Hitler's Secret Bankers: The Myth of Swiss Neutrality During the Holocaust,35,2000,12
0887841740,The Middle Stories,35,2004,13
1558746218,A Second Chicken Soup for the Woman's Soul (Chicken Soup for the Soul Series),60,1998,14
155874262X,Chicken Soup for the Soul (Chicken Soup for the Soul),65,1993,14
1558744150,Chicken Soup for the Woman's Soul (Chicken Soup for the Soul Series (Paper)),60,1996,14
1567407781,The Witchfinder (Amos Walker Mystery Series),70,1998,15
1575663937,More Cunning Than Man: A Social History of Rats and Man,30,1999,16
0440234743,The Testament,40,1999,17
0440223571,This Year It Will Be Different: And Other Stories,75,1997,17
0440225701,The Street Lawyer,50,1999,17
0440222303,"The Touch of Your Shadow, the Whisper of Your Name (Babylon 5, Book 5)",65,1996,17
0440241413,Confessions of a Shopaholic,35,2003,17
0440235502,October Sky: A Memoir,80,1999,17
0440226104,Black and Blue,75,1999,17
0440122090,Echoes,70,1989,17
0440117291,DREAMSNAKE,45,1986,17
0440211727,A Time to Kill,65,1992,17
0440130913,Golden Cup,75,1987,17
0452264464,Beloved (Plume Contemporary Fiction),35,1994,18
0609804618,Our Dumb Century: The Onion Presents 100 Years of Headlines from America's Finest News Source,65,1999,19
0812923278,The Great Depression : America 1929-1941,55,1993,19
1841721522,New Vegetarian: Bold and Beautiful Recipes for Every Occasion,80,2001,20
0439095026,Tell Me This Isn't Happening,45,1999,21
0590629719,Clifford's Sports Day,45,1996,21
0590450875,I Spy: A Book of Picture Riddles,80,1992,21
0590481371,I Spy Spooky Night: A Book of Picture Riddles (I Spy Books),35,1996,21
0590419625,The Teacher from the Black Lagoon,80,1989,21
0439319552,Horus's Horrible Day (First Graders from Mars),35,2001,21
0590687301,Ralph S. Mouse,80,2000,21
0590418858,You Be the Jury #02,75,1989,21
0439042917,The Hork-Bajir Chronicles (Animorphs Series),20,1998,21
043922165X,"Circles in the Stream (Avalon: Web of Magic, 1)",65,2001,21
0439221676,"All That Glitters (Avalon, 2)",50,2001,21
0439221684,"Cry of the Wolf (Avalon, 3)",30,2001,21
0590514776,Meet the Stars of Buffy the Vampire Slayer,75,1998,21
0689821166,Flood : Mississippi 1927,40,1998,22
0671021745,EYE ON CRIME: HARDY BOYS #153,45,1998,22
0671047612,Skin And Bones,65,2000,22
0020437501,Rosie'S Walk,60,1971,22
0689832877,Sunwing (Aladdin Fantasy),35,2001,22
0689829698,Caddie Woodlawn - Newbery Promo '99 (Aladdin Fiction),65,1999,22
068983585X,The Janitor's Boy,75,2001,22
068983571X,Hound of the Baskervilles (Aladdin Classics),45,2000,22
0971880107,Wild Animus,70,2004,23
0345402871,Airframe,45,1997,24
0345417623,Timeline,50,2000,24
0449005615,Seabiscuit: An American Legend,20,2002,24
0345260317,The Dragons of Eden: Speculations on the Evolution of Human Intelligence,30,1978,24
0345465083,Seabiscuit,25,2003,24
0345372700,"If I Ever Get Back to Georgia, I'm Gonna Nail My Feet to the Ground",40,1991,24
0345311396,Private Screening,60,1994,24
0345378490,Congo,45,1995,24
0345404793,Protect and Defend,25,2001,24
0345433173,The Tall Pine Polka,80,1999,24
0449006522,Manhattan Hunt Club,20,2002,24
0449911004,Patty Jane's House of Curl (Ballantine Reader's Circle),60,1996,24
0804111359,Secret History,20,1993,24
0345391691,The Battle for God,75,2001,24
0345430476,A Small Dark Place,60,1999,24
0449912302,Dave Barry in Cyberspace,40,1997,24
0345371984,Last Chance to See,30,1992,24
0449005410,Horse Heaven (Ballantine Reader's Circle),60,2001,24
0345297709,Centaur Aisle,85,1982,24
0345313097,Crewel Lye,50,1985,24
0345424719,A Widow for One Year,45,1999,24
0345451260,Househusband,85,2002,24
0345374657,Diet for a Poisoned Planet: How to Choose Safe Foods for You and Your Family,75,1992,24
0449907481,A Thousand Acres (Ballantine Reader's Circle),60,1992,24
0345441133,Summer Island,40,2002,24
0345313860,"The Vampire Lestat (Vampire Chronicles, Book II)",65,1986,24
0345369947,The Mummy or Ramses the Damned,50,1991,24
0345353625,Her Mother's Daughter,30,1990,24
0345379454,Missing Susan,60,1992,24
0345251733,Rainbow the Stormy Life of Judy Garland,30,1989,24
0345305477,Easy Travel to Other Planets,65,1982,24
0449911683,My Name Is Asher Lev,65,1996,24
0345428900,Out of the Blue,70,2000,24
0345395379,Slow River,35,1996,24
0345403339,Saving Grace,55,1996,24
0345429176,"Ufos, JFK and Elvis: Conspiracies You Don't Have to Be Crazy to Believe",70,1999,24
0345418778,Mostly Harmless,25,2000,24
0345391802,The Hitchhiker's Guide to the Galaxy,50,1995,24
0449006557,Half Moon Street (Charlotte & Thomas Pitt Novels (Paperback)),80,2001,24
0345404777,No Safe Place,80,1999,24
0375759778,Prague : A Novel,35,2003,25
3404921038,Wie Barney es sieht.,20,2002,26
3404121686,Nacht Ã?Â¼ber den Wassern.,75,1994,26
3404118960,Die SÃ?Â¤ulen der Erde. Roman.,60,1992,26
3442410665,Sturmzeit. Roman.,70,1991,27
3442098424,Der FÃ?Â¼rst der Finsternis. Roman.,50,1992,27
0375406328,Lying Awake,20,2000,28
0375400117,Memoirs of a Geisha,30,1997,28
0679423079,Nicholas Nickleby (Everyman's Library),80,1993,28
0679450432,Dark Lady,30,1999,28
0394574745,"All the Pretty Horses (Border Trilogy, Vol 1)",55,1992,28
0446310786,To Kill a Mockingbird,85,1988,29
0060168013,Pigs in Heaven,40,1993,30
0060177586,Standing Firm: A Vice-Presidential Memoir,70,1994,30
0061052523,Interesting Times: A Novel of Discworld,70,1997,30
0308102282,Your Erroneous Zones,75,1976,30
006015781X,Why Do Clocks Run Clockwise? and Other Imponderables: Mysteries of Everyday Life Explained,80,1987,30
038078243X,Miss Zukas and the Raven's Dance,55,1996,31
0380778556,Rebecca,35,1994,31
0380717018,Body of Evidence (Kay Scarpetta Mysteries (Paperback)),30,1992,31
0380718332,All That Remains (Kay Scarpetta Mysteries (Paperback)),65,1993,31
0380807866,The Elusive Flame,50,1999,31
0380728729,Babyhood,35,1998,31
0380728273,Liberty Falling (Anna Pigeon Mysteries (Paperback)),40,2000,31
0380704587,The Ladies of Missalonghi,55,1988,31
0380012863,Jonathan Livingston Seagull,70,1976,31
0380792664,The Right Hand of Amon,20,1997,31
0380732688,Milk and Honey (Peter Decker/Rina Lazarus Novels),70,2002,31
0060558865,Ella Enchanted (rack),85,2004,31
0060006048,Circle of Three #12: Written in the Stars (Circle of Three),40,2001,31
0380002450,Awakening,45,1982,31
0380817144,Lord of the Silent: A Novel of Suspense,25,2002,31
055321215X,Pride and Prejudice,30,1983,32
0553280333,Getting Well Again,55,1992,32
0553347594,McDonald's: Behind the Arches,80,1995,32
055329198X,Wolf Moon,30,1997,32
0553569058,The Robber Bride,40,1995,32
0553210092,The Scarlet Letter,85,1965,32
0553258524,Dragonsong (Harper Hall Trilogy),75,1977,32
0553802488,The Face,70,2003,32
0553285343,"RUSSIA HOUSE, THE",25,1990,32
0553107305,Chopping Spree,20,2002,32
0553564528,Guilty as Sin,80,1997,32
055356451X,Night Sins,70,1995,32
0553578693,The Next Accident,75,2002,32
0553101439,West of Dodge: Frontier Stories,65,1996,32
0553256785,SLEEPING MURDER,30,1983,32
0553212583,Wuthering Heights,65,1983,32
0061099686,Downtown,50,1995,33
0061099325,Coyote Waits (Joe Leaphorn/Jim Chee Novels),50,1992,33
006102063X,Moving Pictures (Discworld Novels (Paperback)),20,2002,33
006101351X,The Perfect Storm : A True Story of Men Against the Sea,25,1998,33
0380732335,Florida Road Kill: A Novel,65,2000,33
0061000280,The Fly on the Wall,65,1990,33
0061009059,One for the Money (Stephanie Plum Novels (Paperback)),25,1995,33
0061042943,Final Appeal,45,1994,33
0553582909,Icebound,40,2000,34
0553582747,From the Corner of His Eye,55,2001,34
0553584383,Dead Aim,65,2004,34
0553583468,"Whisper of Evil (Hooper, Kay. Evil Trilogy.)",60,2002,34
0553580388,The Patient,20,2001,34
0553280589,Eva Luna,30,1989,34
055358099X,Cloud Nine,55,2000,34
0553289063,An Inconvenient Woman,85,1991,34
0553272837,Brazen Virtue,70,1996,34
0553225987,Robert's Rules of Order,60,1986,34
0553576925,Hiding in the Shadows (Shadows Trilogy (Paperback)),60,2000,34
0553298860,Bloodlines (Dog Lover's Mysteries),45,1994,34
0553579673,Hen's Teeth,70,1999,34
0553574167,"The Hutt Gambit (Star Wars: The Han Solo Trilogy, Vol. 2)",85,1998,34
0671888587,I'll Be Seeing You,55,1994,35
0671623249,LONESOME DOVE,35,1986,35
0671521519,Bless The Beasts And Children : Bless The Beasts And Children,30,1995,35
0743439740,"Every Breath You Take : A True Story of Obsession, Revenge, and Murder",40,2002,35
0671042858,The Girl Who Loved Tom Gordon,55,2000,35
0671004573,Before I Say Good-Bye,70,2001,35
0671461494,The Hitchhiker's Guide to the Galaxy,80,1982,35
0671023616,Postmortem (Kay Scarpetta Mysteries (Paperback)),20,1998,35
0671027387,Deception Point,30,2002,35
0671018930,The War in Heaven (Eternal Warriors),70,2000,35
067153484X,The Music Box,85,1998,35
067103619X,Lake News,75,2000,35
0671867113,Moonlight Becomes You,65,1997,35
0671021001,She's Come Undone (Oprah's Book Club),25,1998,35
0671002481,The First Wives Club Movie Tie In,55,1996,35
0743424425,The Shining,75,2001,35
0671000306,Shock Wave (Dirk Pitt Adventures (Paperback)),60,1996,35
0671673688,While My Pretty One Sleeps,45,1990,35
0743412621,The Second Time Around : A Novel,30,2004,35
0671868713,And Never Let Her Go : Thomas Capano: The Deadly Seducer,50,2000,35
067170124X,HIS LITTLE WOMEN : HIS LITTLE WOMEN,45,1991,35
0671525832,Someone to Watch Over Me : A Novel,65,2003,35
2266084372,Pourquoi j'ai mangÃ?Â© mon pÃ?Â¨re,70,2000,35
2266029460,Voyage d'une parisienne Ã?Â  Lhassa,35,1989,35
0671694049,LONG DARK TEA TIME OF THE SOUL,35,1990,35
0671742566,Tender Triumph (Sonnet Books),50,1991,35
0671779338,Border Bride,25,1993,35
0812523873,Proxies,75,1999,36
0812541642,Waiting,50,2000,36
0812504208,The Adventures of Tom Sawyer,70,1989,36
0812523385,Selected Poems of Emily Dickinson,50,1995,36
0812519655,Sacred Ground,70,1995,36
0812524853,Burning Water (Burning Water),60,1992,36
0812521129,Children of the Night,65,1990,36
0812521331,"People of the Wolf (The First North Americans series, Book 1)",65,1992,36
0312853238,Ender's Game (Ender Wiggins Saga (Paperback)),60,1992,36
0765341972,The Mothman Prophecies,85,2002,36
0842342702,Left Behind: A Novel of the Earth's Last Days (Left Behind #1),70,2000,37
0842329129,Left Behind: A Novel of the Earth's Last Days (Left Behind No. 1),75,1996,37
0842336214,The Promise Remains,30,2000,37
0060914068,"Love, Medicine and Miracles",60,1988,38
0060199563,Thief of Time,80,2001,38
0060188731,Bel Canto,85,2001,38
006017143X,The Night Listener,40,2000,38
0060192631,One Heart,60,1999,38
0156047624,All the King's Men,60,1982,39
0156027321,Life of Pi,35,2003,39
0156013967,"My Father, Dancing (Harvest Book)",35,2000,39
015600710X,Strange Fits of Passion: A Novel,60,1999,39
0380715899,A Soldier of the Great War,85,1992,40
0061030147,"Cybill Disobedience: How I Survived Beauty Pageants, Elvis, Sex, Bruce Willis, Lies, Marriage, Motherhood, Hollywood, and the Irrepressible Urge to Say What I Think",65,2001,40
0679810307,Shabanu: Daughter of the Wind (Border Trilogy),35,1991,41
0679865691,Haveli (Laurel Leaf Books),30,1995,41
0394895894,"The Ruby in the Smoke (Sally Lockhart Trilogy, Book 1)",60,1988,41
0440226694,Lena (50 State Quarters),70,2000,41
0804106304,The Joy Luck Club,85,1994,42
1853262404,Heart of Darkness (Wordsworth Collection),65,1998,43
1853260053,Tess of the D'Urbervilles (Wordsworth Classics),40,1997,43
1853260673,Far from the Madding Crowd (Wordsworth Classics),30,1997,43
1853260622,War and Peace (Wordsworth Classics),20,1997,43
0312970242,The Angel Is Near,20,2000,44
0312252617,Fast Women,80,2001,44
0312261594,Female Intelligence,40,2001,44
0312953453,Blood Oath,20,1994,44
0312148267,The Wind in the Willows,65,1996,44
0312963009,Neanderthal: A Novel,85,1997,44
0312995423,Digital Fortress : A Thriller,50,2003,44
0312143370,The Florence King Reader,70,1996,44
0312278586,The Nanny Diaries: A Novel,85,2002,44
0060938412,The Accidental Virgin,80,2003,45
038076654X,Petals on the River,20,1997,45
0060083298,The Dominant Blonde,85,2002,45
0380820447,"For Better, for Worse: A Novel",20,2002,45
0140067477,The Tao of Pooh,40,1983,46
0140250964,Snow Angels,65,1995,46
0142001740,The Secret Life of Bees,50,2003,46
014023828X,The Tortilla Curtain,20,1996,46
0140286276,The Deep End of the Ocean (Oprah's Book Club),55,1999,46
0140293248,The Girls' Guide to Hunting and Fishing,70,2000,46
0142000205,Icy Sparks,85,2001,46
0140107649,Blue Heaven (Contemporary American Fiction S.),65,1988,46
0451625889,The Prince,75,1952,47
0451166892,The Pillars of the Earth,20,1996,47
0451208080,The Short Forever,45,2003,47
0451205197,Lady in Green/Minor Indiscretions (Signet Regency Romance),60,2002,47
0451525221,Scarlet Letter,75,1993,47
0451206673,Pen Pals,85,2002,47
0451162072,Pet Sematary,55,1994,47
0451186648,Silent Snow,75,2000,47
0451154916,The Crystal Handbook,20,1996,47
0451203046,Light a Penny Candle,45,2001,47
0451523318,Turn of the Screw and Short N,50,1978,47
0451202341,Back Roads,80,2001,47
0451195663,Primal Scream,55,1998,47
0451184718,The Rosewood Casket,85,1997,47
0451197275,Saving Private Ryan: A Novel,45,1998,47
0451176812,Voice of the Eagle,75,1993,47
0451181379,The Door to December,40,1994,47
0451205421,The Door to December,20,2002,47
0451155750,The Dead Zone,45,2004,47
0451204050,On Secret Service,40,2001,47
0451188209,A Palette for Murder: Murder She Wrote (Murder She Wrote (Paperback)),35,1996,47
0451185277,Thorns of Truth,25,1999,47
1558531025,Life's Little Instruction Book (Life's Little Instruction Books (Paperback)),30,1991,48
0441783589,Starship Troopers,70,1987,49
1569871213,Black Beauty (Illustrated Classics),80,1995,50
087113375X,Modern Manners: An Etiquette Book for Rude People,40,1990,51
0871138646,Old Flames,30,2003,51
0340767936,Turning Thirty,40,2000,52
0743403843,Decipher,85,2002,53
0743462335,More George W. Bushisms: More Verbal Contortions from America's 43rd President,55,2002,53
0060930365,"My First Cousin Once Removed: Money, Madness, and the Family of Robert Lowell",80,1999,54
0060929790,One Hundred Years of Solitude,45,1998,54
0060976845,Little Altars Everywhere: A Novel,35,1996,54
0060977493,The God of Small Things,55,1998,54
0060809027,My Friend Flicka,80,1988,54
0380730448,"The Adrian Mole Diaries : The Secret Diary of Adrian Mole, Aged 13 3/4 : The Growing Pains of Adrian Mole",75,1997,54
0060977477,The Perfect Storm : A True Story of Men Against the Sea,20,1999,54
0380730138,Vinegar Hill (Oprah's Book Club (Paperback)),80,1998,54
0380815923,Blackberry Wine : A Novel,80,2001,54
0060973897,Lakota Woman,60,1991,54
0060917016,Homeland and Other Stories,45,1990,54
0060925000,"A Suitable Boy : Novel, A",75,1994,54
0060932759,Daughter of Fortune,85,2000,54
0060923245,Sweet Hereafter Movie Tie-In : A Novel,25,1992,54
0060913509,In Country RI,40,1986,54
0688169678,We Are Our Mothers' Daughters,65,2000,54
0060938455,Fast Food Nation: The Dark Side of the All-American Meal,35,2002,54
0060930187,The Bell Jar : A Novel (Perennial Classics),20,2000,54
0060930705,Someone to Watch Over Me : Stories,40,2000,54
0060927240,"Rule of the Bone : Novel, A",75,1996,54
0060934719,stardust,50,2001,54
0553062042,Daybreakers Louis Lamour Collection,25,1981,55
0553202294,Sun Signs,25,1981,55
0316769487,The Catcher in the Rye,45,1991,56
0316602906,The Big Bad Wolf: A Novel,60,2003,56
0316693006,Four Blind Mice,40,2002,56
0316782505,The Weight of Water,85,2001,56
0316666343,The Lovely Bones: A Novel,35,2002,56
0316735027,The True and Outstanding Adventures of the Hunt Sisters: A Novel,45,2004,56
0316789089,The Pilot's Wife : A Novel Tag: Author of the Weight of Water (Oprah's Book Club (Hardcover)),30,1999,56
0316969443,Suzanne's Diary for Nicholas,30,2001,56
0316693200,2nd Chance,50,2002,56
8445071408,El Senor De Los Anillos: LA Comunidad Del Anillo (Lord of the Rings (Spanish)),25,2001,57
8445071769,El Senor De Los Anillos: Las DOS Torres (Lord of the Rings (Paperback)),50,2001,57
8445071777,"El Senor De Los Anillos: El Retorno Del Rey (Tolkien, J. R. R. Lord of the Rings. 3.)",85,2001,58
3257233051,Veronika Deschliesst Zu Sterben / Vernika Decides to Die,35,2002,58
8484509141,Mientras Escribo,65,2002,58
0316748641,Pasquale's Nose: Idle Days in an Italian Town,50,2002,59
0316973742,The Gospel of Judas: A Novel,25,2002,59
0316735736,All He Ever Wanted: A Novel,30,2004,59
0316168815,The Lovely Bones,75,2004,59
0316314927,Sarah Conley,50,1998,59
0316776963,Me Talk Pretty One Day,70,2001,59
0385235941,"Prize Stories, 1987: The O'Henry Awards",45,1987,60
0385508042,The King of Torts,80,2003,60
0385416342,The Firm,75,1991,60
038542471X,The Client,80,1993,60
0385490992,The Street Lawyer,85,1998,60
0385424728,The Chamber,50,1994,60
0385472951,The Partner,85,1997,60
0385420161,"Like Water for Chocolate: A Novel in Monthly Installments, With Recipes, Romances, and Home Remedies",60,1992,60
0385493800,The Testament,65,1999,60
0446677450,"Rich Dad, Poor Dad: What the Rich Teach Their Kids About Money--That the Poor and Middle Class Do Not!",25,2000,61
0446608653,The Alibi,70,2000,61
0446612545,The Beach House,80,2003,61
0446612618,A Kiss Remembered,20,2003,61
0446601640,Slow Waltz in Cedar Bend,65,1994,61
044651747X,Puerto Vallarta Squeeze,20,1995,61
0446527165,Wish You Well,70,2000,61
0446610399,The Rescue,45,2001,61
0446606197,Killer Market (Deborah Knott Mysteries (Paperback)),25,1999,61
0446610178,The Sky Is Falling,50,2001,61
0446394521,Daisy Fay and the Miracle Man,40,1992,61
0446364193,Along Came a Spider (Alex Cross Novels),55,1993,61
0446519138,Simple Abundance:  A Daybook of Comfort and Joy,60,1995,61
0446523992,"A Call to Conscience : The Landmark Speeches of Dr. Martin Luther King, Jr.",20,2001,61
0446672211,Where the Heart Is (Oprah's Book Club (Paperback)),20,1998,61
0446525502,The Rescue,30,2000,61
0446523569,Message in a Bottle,75,1998,61
0446527793,The Guardian,30,2003,61
0446531332,Nights in Rodanthe,75,2002,61
0446300101,"The Beans of Egypt, Maine",65,1986,61
044661162X,Chasing the Dime,80,2003,61
0446364762,The Stars Shine Down,30,1993,61
0671621009,Creating Wealth : Retire in Ten Years Using Allen's Seven Principles of Wealth!,75,1986,62
0684822733,"Love, Miracles, and Animal Healing : A heartwarming look at the spiritual bond between animals and humans",55,1996,62
0743222229,George W. Bushisms : The Slate Book of The Accidental Wit and Wisdom of our 43rd President,35,2001,62
067976397X,Corelli's Mandolin : A Novel,35,1995,63
0375705856,Plainsong (Vintage Contemporaries),70,2000,63
0679751343,Angels & Insects : Two Novellas,75,1994,63
0679777431,"The Game of Kings (Lymond Chronicles, 1)",35,1997,63
0786868716,The Five People You Meet in Heaven,60,2003,64
0786863986,A Monk Swimming,50,1998,64
0786868015,The Diary of Ellen Rimbauer: My Life at Rose Red,85,2001,64
8472238822,Tu Nombre Escrito En El Agua (La Sonrisa Vertical),80,2002,65
0671864769,Relics (Star Trek: The Next Generation),30,1992,66
0671027360,Angels & Demons,85,2001,67
0743470389,The Snow Garden,30,2004,67
0380619458,The Mosquito Coast,30,1990,68
0380617625,The Kingdom: Arabia and the House of Sa'Ud,60,1983,68
0380710218,Postmortem,55,1993,68
0061096091,Eyeshot,25,1997,68
0380538504,Amanda Miranda,55,1981,68
0446325805,"If Love Were Oil, I'd Be About a Quart Low",20,1994,69
0445402040,The Hunted,75,1986,69
0786889160,"No Shirt, No Shoes, No Problem!",20,1997,69
0451406923,"Goodbye, My Little Ones: The True Story of a Murderous Mother and Five Innocent Victims",35,1996,70
0451410319,Hush,85,2002,70
0451409256,Making Minty Malone,40,2000,70
0451410556,The Blue Last: A Richard Jury Mystery (Richard Jury Mysteries (Paperback)),40,2002,70
0743249992,Bringing Down the House: The Inside Story of Six M.I.T. Students Who Took Vegas for Millions,80,2003,71
0684717255,I And Thou,25,1971,71
0743201078,"The Secret Lives of Girls: What Good Girls Really Do--Sex Play, Aggression, and Their Guilt",55,2002,71
0840734530,"The Oneprince (The Redaemian Chronicles, Book 1)",55,1992,72
9724119378,O Deus Das Pequenas Coisas,80,1998,73
0330484516,Twenty Minute Retreats: Revive Your Spirits in Just Minutes a Day (A Pan Self-discovery Title),75,2001,74
038572179X,Atonement : A Novel,60,2003,75
140003180X,The Kalahari Typing School for Men (No. 1 Ladies' Detective Agency),75,2004,75
0385418493,How the Irish Saved Civilization: The Untold Story of Ireland's Heroic Role from the Fall of Rome to the Rise of Medieval Europe (Hinges of History),50,1996,75
0385721420,Three Junes,70,2003,75
038549825X,Not a Day Goes By : A Novel,85,2001,75
0393020371,Next: The Future Just Happened,85,2001,76
0393321576,Karl Marx: A Life,20,2001,76
0393048977,Last Blue: Poems,80,2000,76
1900850303,The Angelic Darkness,40,1999,77
1903019699,The Soulbane Stratagem,50,2000,78
0345425294,Gangster,20,2002,79
0449202631,Danger,75,1985,79
0449207544,Proof,40,1990,79
0449213773,Life Before Man,35,1990,79
0449212084,Murder at the Kennedy Center (Capital Crime Mysteries),40,1990,79
0449211770,The Tightrope Walker,30,1997,79
0345369068,"If Ever I Return, Pretty Peggy-O",40,1991,79
0449209121,The Amazing Mrs. Pollifax,35,1992,79
0449207757,Davita's Harp,70,1990,79
0449245691,The Book of Lights,30,1997,79
0449207595,The Grass Is Always Greener over the Septic Tank,65,1988,79
0449131548,All the Days of My Life,50,1986,79
0449001954,Murder at the Library of Congress (Capital Crimes (Paperback)),40,2001,79
8420639133,Temor y Temblor,75,2001,80
8476409419,Estudios sobre el amor,50,2001,81
0385336772,Diary of a Mad Mom-To-Be,75,2003,82
0385337639,Crow Lake (Today Show Book Club #7),70,2003,82
0385335679,Kissing in Manhattan,50,2002,82
038533334X,Charming Billy,75,1999,82
0440949424,Locked in Time (Laurel Leaf Books),25,1986,83
0440219078,The Giver (21st Century Reference),35,1994,83
0505524996,Contact,55,2002,84
0140252800,The Brimstone Wedding,45,1997,85
0140620664,Mansfield Park (Penguin Popular Classics),50,1994,85
0140620427,Sense and Sensibility (Penguin Popular Classics),45,1994,85
0140292918,"Of Mice and Men (Steinbeck ""Essentials"")",60,2001,85
0140622063,Scottish Folk and Fairy Tales (Penguin Popular Classics),80,1997,85
0451452755,The Catswold Portal,75,1993,86
0451456548,Cold Iron,75,1997,86
0451454243,The Forest House,70,1995,86
0812575482,Through Wolf's Eyes (Wolf),55,2002,87
0060801263,Tree Grows In Brooklyn,80,1988,88
0060804157,He Understanding Masculine Psychology,50,1977,88
039575514X,My Antonia,65,1995,89
0618231617,Almost: A Novel,75,2002,89
0395877563,Seven Moves,85,1997,89
0330332775,Bridget Jones's Diary,85,1997,90
0486284735,Pride and Prejudice (Dover Thrift Editions),75,1995,91
0486282112,Frankenstein (Dover Thrift Editions),35,1994,91
0486281965,The Country of the Pointed Firs (Dover Thrift Editions),60,1994,91
0486292940,Early Poems (Dover Thrift Editions),70,1997,91
0486272664,The Rime of the Ancient Mariner and Other Poems,75,1992,91
0486272745,The Prince (Dover Thrift Editions),75,1992,91
0671504282,"LAW OF THE JUNGLE (HARDY BOYS CASE FILE 105) : LAW OF THE JUNGLE (Hardy Boys, The)",25,1995,92
0785263292,"If Singleness Is a Gift, What's the Return Policy?",20,2003,93
0830714014,Always Daddy's Girl: Understanding Your Father's Impact on Who You Are,85,1989,94
0345354931,Night Mare (Xanth Novels (Paperback)),80,1990,95
034543191X,The King of Elfland's Daughter (Del Rey Impact),65,1999,95
0345335465,Dragonflight (Dragonriders of Pern Trilogy (Paperback)),40,1991,95
0345416848,Last Sword of Power (Stones of Power),80,1997,95
0345370740,The Scions of Shannara (Heritage of Shannara (Paperback)),70,1993,95
0345356578,A Man Rides Through (Man Rides Through),60,1990,95
0345428544,"Dark Tide I: Onslaught (Star Wars: The New Jedi Order, Book 2)",65,2000,95
0553278223,The Martian Chronicles,35,1984,96
3150000335,Kabale Und Liebe,70,1989,97
3257203659,Der illustrierte Mann. ErzÃ?Â¤hlungen.,70,2002,98
3257208669,Das BÃ?Â¶se kommt auf leisen Sohlen.,35,2003,98
3257207522,Der KÃ?Â¶nig in Gelb.,20,1980,99
3257208634,Die Mars- Chroniken. Roman in ErzÃ?Â¤hlungen.,70,1981,99
3257210450,LÃ?Â¶wenzahnwein. Roman.,55,1999,99
3257212054,Das Kind von morgen. ErzÃ?Â¤hlungen.,70,2000,99
3257212429,Die Mechanismen der Freude. ErzÃ?Â¤hlungen.,65,2000,99
3257214154,Familientreffen. ErzÃ?Â¤hlungen.,45,2000,99
3257216416,Der Tod kommt schnell in Mexico. ErzÃ?Â¤hlungen.,65,1988,99
3257201761,Die zwei Gesichter des Januars.,70,1974,99
3257208626,Fahrenheit 451,80,1994,100
2253005274,Le Grand Meaulnes (Classiques De Poche),50,2000,100
207053880X,L'Homme Qui Plantait Des Arbres,60,2002,100
342311360X,Die Liebe in Den Zelten,45,1989,101
3423116714,Die Klone der Joanna May. Roman.,60,1993,102
3423241489,Ist mein Hintern wirklich so dick? Tagebuch einer empfindsamen Frau.,35,1998,102
3426605686,Haifischfrauen.,55,1996,103
3453212150,Die Cappuccino- Jahre. Aus dem Tagebuch des Adrian Mole.,30,2002,104
3462021095,Schwarzer Tee mit drei StÃ¼ck Zucker,55,1991,105
3492045642,QuerschÃ?Â¼sse - Downsize This!,30,2003,106
3492207006,Die Entdeckung der Langsamkeit.,55,1987,106
3498020862,Die Korrekturen.,55,2002,107
3499110695,Neun ErzÃ?Â¤hlungen.,80,1968,108
3499151502,"Hebt den Dachbalken hoch, Zimmerleute / Seymour wird vorgestellt.",70,1998,108
3518111000,"Ulysses (Ã?Â?bersetzg. WollschlÃ?Â¤ger). ( Neue Folge, 100).",85,1981,109
3548254268,Eine ganz normale AffÃ?Â¤re.,20,2002,110
3570300099,"Das Intimleben des Adrian Mole, 13 3/4 Jahre. cbt. ( Ab 14 J.).",40,2002,111
3596292646,Das Buch der lÃ?Â¤cherlichen Liebe.,45,2000,112
0385316895,Legacy of Silence,65,1998,113
0385314019,Women on the Case,20,1996,113
0385497466,The Brethren,60,2000,114
0385509456,The Curious Incident of the Dog in the Night-Time : A Novel,30,2003,114
0385511612,Bleachers,25,2003,114
0385504209,The Da Vinci Code,85,2003,114
0385505833,Skipping Christmas,25,2001,114
0385730586,Sisterhood of the Traveling Pants,65,2003,115
0440234964,All or Nothing (Wheeler Large Print Books),75,2000,116
0440218535,Smilla's Sense of Snow,30,1997,116
0440222818,Guilt,45,1998,116
0446605484,Roses Are Red (Alex Cross Novels),60,2001,117
0446602086,The Proud and the Free,70,1995,117
0452282152,Girl with a Pearl Earring,35,2001,118
0452283914,"The Best Democracy Money Can Buy: The Truth About Corporate Cons, Globalization and High-Finance Fraudsters",70,2003,118
0452279690,Cavedweller,55,1999,118
0452277337,Le Divorce (William Abrahams Book),30,1997,118
051513290X,Summer of Storms,65,2002,119
0515128554,Heart of the Sea (Irish Trilogy),60,2000,119
0515118656,The Cove,45,1996,119
0515127833,River's End,65,2003,119
0515134279,The Straw Men,35,2002,119
0515122408,The Cat Who Tailed a Thief,80,1998,119
0515134368,The Penwyth Curse,50,2004,119
0743486226,Angels & Demons,35,2003,120
0743406176,If Only It Were True,50,2000,120
0671042556,Blackbird: A Childhood Lost and Found,65,2000,120
0803251718,Crazy Horse,65,1961,121
0803233019,Black Elk Speaks: Being the Life Story of a Holy Man of the Oglala Sioux,30,1988,121
0804117934,The Silent Cry (William Monk Novels (Paperback)),55,1998,122
080411952X,The Unsung Hero,45,2000,122
0060987103,Wicked: The Life and Times of the Wicked Witch of the West,60,1996,123
0151008116,Life of Pi,30,2002,124
0156528207,The Little Prince,30,1968,124
0152012966,I Want to Be...a Veterinarian (I Want to Be... Series),40,1997,124
0151001006,Snow Falling on Cedars,60,1994,124
0375704965,A Judgement in Stone,40,2000,125
0375719180,The Miracle Life of Edgar Mint: A Novel,20,2002,125
0679725393,The House of Mirth (Library of America),70,1990,125
0375726403,Empire Falls,65,2002,125
0679733825,Sisters of the Earth: Women's Prose and Poetry About Nature,80,1991,125
0679767789,Lost in Place: Growing Up Absurd in Suburbia,35,1996,125
0525947647,Lies and the Lying Liars Who Tell Them: A Fair and Balanced Look at the Right,35,2003,126
0525943862,Cheaters,45,1999,126
052594463X,All of Me: A Voluptuous Tale,45,2000,126
0525944834,Liar's Game,70,2000,126
0060013117,Night Watch,75,2002,127
0061040967,The Last Hero : A Discworld Fable (Discworld Novels (Hardcover)),30,2001,127
0060173289,Divine Secrets of the Ya-Ya Sisterhood : A Novel,50,1996,127
0688180639,Vinegar Hill (Oprah's Book Club (Hardcover)),85,1999,127
0060191929,The Saving Graces : A Novel,45,1999,127
0064407667,"The Bad Beginning (A Series of Unfortunate Events, Book 1)",40,1999,127
006052779X,Charlotte's Web Book and Charm (Charming Classics),35,2003,128
0060563079,Peter Pan: The Original Story (Peter Pan),85,2003,128
0061050474,Jingo: A Discworld Novel (Discworld Series/Terry Pratchett),55,1998,129
0061052515,"Maskerade: A Novel of Discworld (Pratchett, Terry. Discworld Series (New York, N.Y.).)",65,1997,129
0064472264,"On the Bright Side, I'm Now the Girlfriend of a Sex God: Further Confessions of Georgia Nicolson",70,2002,130
0312156960,The Winter King: A Novel of Arthur (The Warlord Chronicles: I),45,1997,131
0312283784,Alice's Tulips,70,2001,131
0312890044,Moonheart (Newford),45,1994,132
0373836023,Powder and Patch,60,2004,133
0373037430,Rush to the Altar  (Twin Brides),65,2003,133
0375751513,The Picture of Dorian Gray (Modern Library (Paperback)),80,1998,134
0679603352,The Cider House Rules: A Novel (Modern Library),75,1999,134
0375801677,The Iron Giant,45,1999,135
0375814248,James and the Giant Peach,75,2002,135
0375823352,"The Amber Spyglass (His Dark Materials, Book 3)",75,2002,135
037582345X,"The Golden Compass (His Dark Materials, Book 1)",80,2002,135
0375823468,"The Subtle Knife (His Dark Materials, Book 2)",45,2002,135
0679893105,"The Golden Compass (His Dark Materials, Book 1)",45,1998,135
0380973839,Martian Chronicles,45,1997,136
0380973545,Letters from a Nut,80,1999,136
0385327773,The Great God Pan,55,2003,137
0394586239,Possession: A Romance,35,1990,138
0517577402,Mostly Harmless,50,1992,138
039456894X,Impossible Vacation,50,1992,138
0375403582,Rules of the Wild,60,1998,138
0679401377,The Hellfire Club,35,1996,138
0679450440,Protect and Defend,35,2000,138
0394551427,Shoah,25,1985,138
0375501347,Amy and Isabelle,45,1999,138
0394559487,Citizens: A Chronicle of the French Revolution,65,1989,138
0439510112,Born Confused,50,2003,139
0451523415,Little Women (Signet Classic),70,1988,140
0451527747,Alice's Adventures in Wonderland and Through the Looking Glass,25,2000,140
0451526341,Animal Farm,50,2004,141
0571197639,Poisonwood Bible Edition Uk,30,1989,142
0670035262,The Green Man : Tales from the Mythic Forest,40,2002,143
0684833395,Catch 22,50,1996,144
0684854953,Santa Pete : A Novel Of Christmas Present And Past,75,1998,144
0743229878,Mount Vernon Love Story : A Novel of George and Martha Washington,60,2002,144
0743206053,Kitchen Privileges : A Memoir,65,2002,144
0743206045,Daddy's Little Girl,80,2002,144
0684864843,The Vineyard : A Novel,85,2000,144
0684867818,The Looking Glass : A Novel (The Locket Series),30,1999,144
0684868911,The Carousel : A Novel,60,2000,144
0684864320,LAKE NEWS : A Novel,60,1999,144
0743245024,The Forsyte Saga : The Man of Property and In Chancery,20,2002,145
0743213831,America the Beautiful: A Novel,35,2001,145
0749748001,The Enchanted Wood,40,2002,146
0749748028,The Folk of the Faraway Tree,75,2002,146
0963094424,Angels and Visitations: A Miscellany,30,1993,147
1401201172,"League of Extraordinary Gentlemen, Vol. 2 (Comic)",85,2003,148
1563892278,"Preludes and Nocturnes (Sandman, Book 1)",80,1998,148
1563898586,"The League of Extraordinary Gentlemen, Vol. 1",85,2002,148
1563899388,"Death: At Death's Door (Vertigo, Number 1)",45,2003,148
156971620X,Harlequin Valentine,60,2002,149
1592571301,Alpha Teach Yourself American Sign Language in 24 Hours (Alpha Teach Yourself in 24 Hours),80,2003,150
0374270325,A Man in Full,50,1998,151
0374343381,Lark in the Morning,20,1991,151
044023722X,A Painted House,35,2001,152
0440224675,Hannibal,20,2000,152
0440235057,Be Cool,65,2000,152
0440225078,Ghost Moon,40,2001,152
0440120470,The Dinner Party,30,1991,152
1573225487,The Romance Reader,85,1996,153
1573228737,Affinity,80,2002,153
1573229148,Crossing the Unknown Sea: Work As a Pilgrimage of Identity,35,2002,153
1573229571,About a Boy (Movie Tie-In),60,2002,153
0520011171,Sappho: A New Translation,55,1958,154
0553278746,The Postman (Bantam Classics),65,1990,155
0553279572,The Toynbee Convector,35,1989,155
0553562819,Globalhead,75,1994,155
0553574175,Star Wars the Rebel Dawn: The Han Solo Trilogy (Star Wars: Han Solo Trilogy (Paperback)),25,1998,155
0553574159,"The Paradise Snare (Star Wars: The Han Solo Trilogy, Volume 1)",85,1998,155
0670856045,The Tortilla Curtain,55,1995,156
0670855758,Tarot Says Beware (A Herculeah Jones Mystery),75,1995,156
0670892963,Bridget Jones : The Edge of Reason,50,2000,156
0670031046,In This Mountain,25,2002,156
0872200760,Symposium,50,1989,157
0937858994,The What's Happening to My Body? Book for Boys: A Growing Up Guide for Parents and Sons,25,1987,158
0671649949,OBJECT AFFECTION,65,1988,159
0743444167,New Cardiff,70,2002,159
0590431110,The Journey Home,30,1993,160
0590406019,Last Battle,25,1988,160
0064470113,Taking the Ferry Home,75,1990,161
0061064505,"Blowtorch Psycho.Com (Bone Chillers, No 18)",85,1997,161
0553571486,Angel of Hope (Mercy Trilogy),65,2000,162
0345435869,The Rivan Codex : Ancient Texts of THE BELGARIAD and THE MALLOREON,85,1999,163
0345413377,"The Amber Spyglass (His Dark Materials, Book 3)",75,2001,163
0345413369,"The Subtle Knife (His Dark Materials, Book 2)",45,1998,163
0345339711,"The Two Towers (The Lord of the Rings, Part 2)",25,1986,163
0345346971,Mirror of Her Dreams (Mordant's Need),40,1987,163
038081840X,Year's Best Fantasy (Year's Best Fantasy),30,2001,164
0060575808,"Two Princesses of Bamarre, The",65,2004,164
0380788497,Changer,55,1998,164
0380759497,Xanth 15: The Color of Her Panties,40,1992,164
0312988699,Nowhere To Run,60,2004,165
0312980388,Warlock : A Novel of Ancient Egypt,50,2002,165
0312995431,A Fountain Filled With Blood (A Rev. Clare Ferguson Mystery),25,2004,165
0670815373,Urn Burial,65,1987,166
0385313748,All Our Yesterdays (Large Print),85,1994,167
0385337132,The 37th Hour,20,2003,167
0385335407,The Kiss,40,2001,167
0385306032,Vanished,60,1993,167
1575843366,What Shall I Be (Barbie Carryalong),80,1999,168
9681500555,Diario de Ana Frank,60,2000,169
0380711109,Desert Notes/River Notes,75,1990,170
1559703237,Trying to Save Piggy Sneed,70,1996,171
3596214629,"Herr Der Fliegen (Fiction, Poetry and Drama)",45,1989,172
0062770500,Seattle Access,80,1993,173
0671847546,REAL GUIDE: CALIFORNIA AND THE WEST COAST (The Real guides),50,1993,174
0140374248,James and the Giant Peach,30,2000,175
0140185216,On the Road (Penguin 20th Century Classics),75,1998,175
0743411269,An Accidental Woman,65,2003,176
076218857X,The Doorbell Rang (The Best Mysteries of All Time),80,2000,177
0767905938,A Year by the Sea: Thoughts of an Unfinished Woman,60,2000,178
0767903579,Falling Leaves: The True Story of an Unwanted Chinese Daughter,75,1999,178
0767903285,Raise the Roof: The Inspiring Inside Story of the Tennessee Lady Vols' Undefeated 1997-98 Season,75,1998,178
0800706544,Though I walk through the valley,45,1974,179
0801096677,Victorious Christians You Should Know,20,1984,180
0849953014,Life Lessons: Book Of Hebrews,65,1997,181
0891091963,Inside out,35,1988,182
0915811537,Son Rise: The Miracle Continues,75,1994,183
0802114369,Ohitika Woman,25,1993,183
0927545373,Unveiled at Last,80,1988,184
1880185008,"Serving As Senders: How to Care for Your Missionaries While They Are Preparing to Go, While They Are on the Field, When They Return Home",70,1991,185
0140345809,House of Stairs,70,1991,186
0785815147,Simple Wicca (Simple Wisdom Book),55,2002,187
1567184294,"The Western Mysteries: An Encyclopedic Guide to the Sacred Languages & Magickal Systems of the World : The Key of It All, Book II (Key of It All)",45,2000,188
156718796X,Astral Travel for Beginners (For Beginners),80,1998,188
1862047626,New Perspectives: Runes,60,2000,189
0373196989,"Santa Brought A Son : Marrying The Boss's Daughter (Silhouette Romance, 1698)",50,2003,190
0373245580,"Marry Me ... Again   Montana Mavericks (Silhouette Special Edition, 1558)",85,2003,190
0373484100,Night Tales,85,2000,190
0373245696,"Practice Makes Pregnant   Manhattan Multiples (Silhouette Special Edition, 1569)",20,2003,190
0140104682,"Heroes of Their Own Lives: The Politics and History of Family Violence, Boston 1880-1960",20,1989,191
0140029400,The Mimic Men,50,1992,191
0140021566,The Mystic Masseur,50,1993,191
0449002632,London : The Novel,75,1998,192
0940322978,Mawrdew Czgowchwz (New York Review Books Classics),40,2002,193
1579651658,The Journey From Here,25,2000,194
1878424319,The Four Agreements: A Practical Guide to Personal Freedom,60,1997,195
8440616252,El paraÃ­so (Tiempos modernos),50,1991,196
8478097732,GrÃ cies per la propina (Columna),20,1995,197
8478800336,CÃ³mo ser una mujer y no morir en el intento (ColecciÃ³n El Papagayo),35,1990,198
8478884963,Una casa en Irlanda,75,1999,199
0600586898,Blur (Melody Maker),70,1995,200
0385333404,Dating Big Bird,85,2000,201
044021145X,The Firm,55,1992,202
0590947257,Forever Amber Brown (Amber Brown (Paperback)),50,1997,203
074345829X,Philip Jose Farmer's The Dungeon,25,2003,204
0743458303,Wednesday the Rabbi Got Wet,75,2003,204
0786913878,Pool of Radiance: The Ruins of Myth Drannor (Forgotten Realms),65,2001,205
0801491827,"Feminism and Suffrage: The Emergence of an Independent Women's Movement in America, 1848-1869",80,1980,206
0843136685,Sheldon & Mrs. Levine: An Excruciating Correspondence,40,1994,207
0866119531,Black Beauty (Great Illustrated Classics (Playmore)),80,2000,208
0866119566,Oliver Twist (Great Illustrated Classics),20,1989,208
0870441663,The wild ponies of Assateague Island (Books for young explorers),55,1975,209
1561561428,Frankenstein (Illustrated Classics Series),30,1992,210
0688163726,The Watch House,60,1998,211
0380709260,Socks (Cleary Reissue),70,1990,211
0064409457,The Silver Chair (full color) (Narnia),85,2000,211
0064405052,The Magician's Nephew (Narnia),50,1994,211
1569471096,Was It Something I Said?,50,1998,212
0375414746,The Clearing,35,2003,213
0394578791,A Reporter's Life,75,1996,213
0385503857,Oryx and Crake,35,2003,214
0965404560,Atonement,40,2002,214
0805063897,Nickel and Dimed: On (Not) Getting By in America,80,2002,215
0020199090,Joshua In the Holy Land,60,1993,216
0385495145,The Messenger,75,2002,217
0385496907,No Future Without Forgiveness,30,2000,217
0618119760,The Saints of Big Harbour: A Novel,45,2002,218
0618173870,Everything Is Illuminated: A Novel,25,2002,218
0026329859,From the Earth: Chinese Vegetarian Cooking,85,1995,219
0020442408,Prince Caspian,70,1970,219
0312195516,The Red Tent (Bestselling Backlist),40,1998,220
039914739X,Isle of Dogs,85,2001,221
0399147012,Edge of Danger,25,2001,221
0399147128,The Villa,70,2001,221
0399148582,You Cannot Be Serious,30,2002,221
051762639X,Barchester Towers (Oxford Pocket Classics),85,1986,222
081296666X,Things My Girlfriend and I Have Argued About: A Novel,30,2003,223
0819215635,Listening Hearts: Discerning Call in Community,20,1991,224
0880011025,Unattainable Earth,80,1987,225
1877727083,Vertical Poetry: Recent Poems,65,1992,226
8845229041,Biblioteca Universale Rizzoli: Sulla Sponda Del Fiume Piedra,60,1989,227
887641486X,I Giorni Dell'abbandono,80,2002,228
0140370900,The Gizmo,35,1995,229
0030096189,Organic Chemistry (Saunders Golden Sunburst Series),70,1994,230
0395710901,"Punished by Rewards: The Trouble With Gold Stars, Incentive Plans, A'S, Praise, and Other Bribes",40,1995,231
080521061X,Montessori Today: A Comprehensive Approach to Education from Birth to Adulthood,60,1996,232
0823032612,Oil Painting Techniques (Artist's Painting Library),70,1983,233
0679310002,Going down swinging,65,1999,234
0312288115,Confessions of a Sociopathic Social Climber : The Katya Livingston Chronicles (Katya Livingston Chronicles (Hardcover)),35,2002,235
0316171107,Like a Hole in the Head,35,1998,236
0316116025,The Pinball Effect: How Renaissance Water Gardens Made the Carburetor Possible-And Other Journeys Through Knowledge (Pinball Effect),75,1996,236
0743418190,In Her Shoes : A Novel,35,2002,237
0312145543,Brewing Up a Storm: A John Thatcher Mystery,70,1996,238
0312906552,The Space Merchants,80,1987,238
080213825X,Four Blondes,20,2001,239
0394178017,Poetics of the New American Poetry,60,1974,239
0849943728,Three,45,2003,240
0849943450,The Canopy,55,2003,240
084994371X,Blink,45,2003,240
0805056491,Organizing from the Inside Out,20,1998,241
1562827049,"The Diary of Jack the Ripper/the Discovery, the Investigation, the Debate",60,1993,242
0816152446,The Women in His Life (G K Hall Large Print Book Series),35,1991,243
0821772953,The Morning After,85,2004,244
0821775863,The Future Scrolls,45,2003,244
0821770209,About Face,60,2003,244
0821750410,Warrior Moon,45,1995,244
0307001164,101 Dalmatians,30,1996,245
0440441501,In the Dinosaur's Paw (Kids of the Polk Street School),35,1987,246
0439061644,"The First Journey (Animorphs. Alternamorphs, 1)",50,1999,247
0439569842,How Do Dinosaurs Learn to Read,55,2003,248
0307118703,My First Book about Space (Golden Look-Look Books (Paperback)),25,1997,249
193072229X,MoveOn's 50 Ways to Love Your Country: How to Find Your Political Voice and Become a Catalyst for Change,60,2004,250
0312312628,Out of the Deep I Cry : A Clare Fergusson/Russ Van Alstyne Mystery,30,2004,251
0312986769,In the Bleak Midwinter (A Rev. Clare Ferguson Mystery),75,2003,251
0312977905,To Catch a Cat,45,2002,251
0590021117,Little House On the Prairie,25,1989,252
0807565288,"The Pet Shop Mystery (Boxcar Children Special (Paper), No 7)",80,1996,253
0767912918,Passing for Thin : Losing Half My Weight and Finding My Self,70,2004,254
0767908473,The Sorcerer's Companion: A Guide to the Magical World of Harry Potter,40,2001,254
0399144463,Who Moved My Cheese? An Amazing Way to Deal with Change in Your Work and in Your Life,75,1998,255
0312206763,Stately Pursuits,50,1999,256
0811203220,Stand Still Like the Hummingbird,50,1962,257
0062507249,Becoming a Man : Half a Life Story,40,1993,258
0062517856,The Monk Downstairs: A Novel,70,2002,258
1576737357,Diary of a Teenage Girl - Becoming Me : Diary Number 1 (Diary of a Teenage Girl),35,2000,259
0807070718,Rena's Promise: A Story of Sisters in Auschwitz,50,1996,260
0061080519,The Mist and the Magic (Harper Monogram),35,1993,261
0380752115,Whisper to Me of Love,50,1991,261
193156146X,The Time Traveler's Wife,80,2003,262
2253004022,Regain,80,1987,263
225300670X,A l'Ouest rien de nouveau,40,1973,263
2253148539,Le Loup-garou,50,1999,263
2253043974,Chronique d'une mort annoncÃ?Â©e,55,1987,263
2253063339,Les Fourmis,80,2002,263
2070362388,Ravage,35,1989,264
2253007102,Les Fleurs Du Mal,70,1972,265
2070417743,Chroniques martiennes,70,2002,266
2070384349,La Faute de l'abbÃ?Â© Mouret,20,1991,266
2070334368,La Guerre Des Boutons,40,1989,267
2290314951,Paroles de Poilus : Lettres et carnets du front 1914-1918,70,2001,268
229000510X,Une porte sur l'Ã?Â©tÃ?Â©,85,1999,268
0609605925,Angel Falls,35,2000,269
0380978539,"Dear Stranger, Dearest Friend",35,2000,270
0679410430,Lolita (Everyman's Library (Cloth)),55,1993,271
0609606727,Julie and Romeo,40,2000,272
1570717257,Man and Boy,40,2001,273
039304016X,The Perfect Storm: A True Story of Men Against the Sea,75,1997,274
0718144538,Shattered Uk,50,1989,275
0007100221,TERROR FIRMA,60,2001,276
0747549923,Last Exit to Brooklyn,55,2000,277
0140253580,Therapy,55,1996,278
0947782141,Scottish Ghosts,20,1999,279
1842040154,Celtic Myths and Legends,75,2000,279
057120354X,Awful End (Eddie Dickens Trilogy S.),50,2000,280
0571209521,Terrible Times (Eddie Dickens Trilogy S.),20,2002,280
0349101779,The Wasp Factory,20,1989,281
185479549X,The World's Stupidest Laws,75,2000,282
1858813093,Nessie: The Loch Ness Monster,85,2003,283
2871290911,"XIII, tome 13, L'enquÃ?Âªte : the XIII mystery",40,1999,284
1860198597,How to Draw Celtic Knotwork: A Practical Handbook,80,1989,285
2264009306,CantilÃ¨nes en gelÃ©e ; Barnum's digest ; Vingt poÃ¨mes inÃ©dits (10/18 [i.e. Dix/dix-huit] ; 517),65,1978,286
1841952931,Glasgow Zen,50,2002,287
0416196772,Eeyore's Little Book of Gloom,40,1999,288
156341029X,Stone Butch Blues,55,1993,289
1563410443,"Skin: Talking About Sex, Class & Literature",40,1994,289
1563411148,The Second Coming of Curly Red,40,1999,289
1886383421,Fires of Aggar,85,2001,290
1888451084,Kamikaze Lust,50,2000,291
0451450256,Gossamer Axe,75,1993,292
1555835953,Witchfire,65,2001,293
0962893862,Return to Isis,70,1992,294
1555834531,Hood,70,1998,295
0889740828,Love Ruins Everything: A Novel,25,1998,296
0553579681,Night Mares,25,1999,297
0312287240,A Year of Full Moons,75,2002,298
0679801146,Alanna: The First Adventure (Song of the Lioness (Paperback)),45,1989,299
0786886463,A Density of Souls,85,2001,300
0307215342,Trixie Belden and the Mystery Off Glen Road (Mystery Off Glen Road),50,1977,301
0440219604,I Hadn't Meant to Tell You This,60,1995,302
0440415993,"Ties That Bind, Ties That Break (Laurel-Leaf Books)",70,2000,302
038529929X,Hannibal,40,1999,303
0517201658,The Thorn Birds (Modern Classics),20,1998,304
1884777805,Elements of Programming With Perl,20,1999,305
0804001944,The Man Who Killed the Deer,65,1970,306
0590897985,The Music of Dolphins (Apple Signature Edition),60,1998,307
0152162577,Deep Wizardry: The Second Book in the Young Wizards Series,20,2001,308
015216250X,So You Want to Be a Wizard: The First Book in the Young Wizards Series,80,2001,308
1562477528,Going for Great (Ag Fiction (American Girl)),80,1999,309
0439221714,"The Secret of the Unicorn (Avalon Web of Magic, 4)",25,2000,310
0439221706,Avalon: Web Of Magic #5: Spellsinger,55,2002,310
0439221730,Trial by Fire,20,2002,310
0895872102,"The Hauntings of Williamsburg, Yorktown, and Jamestown",45,1998,311
185424597X,The Heavenly Man: The Remarkable True Story of Chinese Christian Brother Yun,85,2003,312
2080105434,The Little Book of Chocolate (Little Book Of...(Flammarion)),65,2001,313
0753804700,Reader,45,1989,314
0786890436,The Diary of Ellen Rimbauer: My Life at Rose Red,45,2002,315
0521427150,"Belonging in the Two Berlins : Kin, State, Nation (Cambridge Studies in Social and Cultural Anthropology)",80,1992,316
0884111342,Lady of the Shroud,35,1989,317
080901582X,The Return of Simple,60,1995,318
0385497679,Hidden in Plain View: A Secret Story of Quilts and the Underground Railroad,55,2000,319
0941423042,American Poetry Since 1970: Up Late,60,1988,320
0373871562,Twin Blessings (Love Inspired (Numbered)),55,2001,321
0835949362,Non-manipulative selling,55,1981,322
0880701102,Come Before Winter and Share My Hope,35,1985,323
039914563X,The Bear and the Dragon,40,2000,324
0688048730,Thinking on paper,40,1986,325
0385479689,Dead Men Do Tell Tales: The Strange and Fascinating Cases of a Forensic Anthropologist,85,1995,326
0440224829,Granny Dan,25,2000,327
1558505377,Jacob Marley's Christmas Carol,70,1995,328
0892967994,The Fractal Murders (Pepper Keane Mysteries),65,2004,329
1551668785,Final Stand,30,2002,330
0381999866,Magic House of Numbers.,25,1974,331
061312975X,This Present Darkness,30,1999,332
0061076031,Mary-Kate & Ashley Switching Goals (Mary-Kate and Ashley Starring in),60,2000,333
