id,first_name,last_name,email,gender,phone,street,zipcode,Subscription Id,Subscription Start Date
1,Isaak,Blacket,iblacket0@washingtonpost.com,Male,473-858-0757,530 Mandrake Terrace,15540,3,2022-11-01
2,Che,Merrydew,cmerrydew1@twitpic.com,Male,587-657-9062,85267 Pine View Court,33982,1,2022-11-30
3,Iorgo,McBryde,imcbryde2@fastcompany.com,Male,516-337-4166,60 Truax Center,85379,2,2022-11-13
4,Brady,Frankis,bfrankis3@wisc.edu,Male,921-520-5021,1680 Moose Terrace,73662,1,2022-11-02
5,Vonnie,Garlic,vgarlic4@alexa.com,Female,890-192-2784,2 Hoffman Court,63151,2,2022-11-04
6,Bartlett,Romero,bromero5@youtube.com,Male,263-356-5279,7247 Ridge Oak Road,76869,1,2022-11-01
7,Walther,Erangy,werangy6@t-online.de,Male,976-235-8700,24351 Comanche Parkway,54126,2,2022-11-07
8,Dacey,Yansons,dyansons7@i2i.jp,Female,134-526-3553,123 Meadow Ridge Pass,43915,1,2022-11-17
9,Hubie,Ipsgrave,hipsgrave8@examiner.com,Male,803-814-3923,21 Lighthouse Bay Avenue,19054,2,2022-11-21
10,Muffin,Esh,mesh9@marketwatch.com,Female,273-975-7401,5 Carpenter Avenue,91914,1,2022-11-04
11,Gayel,Pembry,gpembrya@skyrock.com,Female,134-397-3036,7 Huxley Place,99548,3,2022-11-20
12,Cullin,Gauld,cgauldb@cloudflare.com,Male,886-581-1374,62691 Fremont Court,38080,1,2022-11-10
13,Mylo,Jolland,mjollandc@ibm.com,Male,421-223-2547,0950 Myrtle Road,06907,2,2022-11-06
14,Emmaline,Eldon,eeldond@census.gov,Female,760-904-3166,073 7th Crossing,15460,1,2022-11-01
15,Vicki,Skinn,vskinne@columbia.edu,Female,476-308-1200,18738 Stoughton Terrace,86437,2,2022-11-14
16,Sholom,Hatry,shatryf@addthis.com,Male,600-794-8217,58 Kingsford Court,61041,1,2022-11-12
17,Jules,Di Maggio,jdimaggiog@google.cn,Male,654-683-2646,6 Bowman Crossing,48315,2,2022-11-17
18,Kevon,Davley,kdavleyh@bizjournals.com,Male,244-786-2637,23360 Hayes Parkway,66409,1,2022-11-06
19,Temple,Scotchbrook,tscotchbrooki@mozilla.org,Male,187-106-8545,1 Bartillon Junction,36177,2,2022-11-03
20,Artur,Mattiuzzi,amattiuzzij@weebly.com,Male,947-188-5044,5 Armistice Center,80825,1,2022-11-12
21,Augie,Melledy,amelledyk@sbwire.com,Male,950-725-0376,470 John Wall Lane,04987,3,2022-11-09
22,Adrian,Riba,aribal@unblog.fr,Male,325-506-3406,94511 Pawling Park,24486,1,2022-11-13
23,Sherline,Pietrusiak,spietrusiakm@comsenz.com,Female,214-922-0695,85 Heath Center,96134,2,2022-11-21
24,Felice,Panchin,fpanchinn@cdc.gov,Male,186-399-4084,05694 Vahlen Center,77844,1,2022-11-16
25,Ola,Galliard,ogalliardo@biglobe.ne.jp,Female,657-815-3298,05520 Sloan Circle,74644,2,2022-11-12
26,Veradis,Leppard,vleppardp@sakura.ne.jp,Female,100-887-2825,2344 Mcguire Circle,48223,1,2022-11-30
27,Yvon,Rappoport,yrappoportq@behance.net,Male,704-736-6128,5019 Bashford Hill,48047,2,2022-11-19
28,Dix,Reubel,dreubelr@mozilla.org,Female,102-791-3117,21692 Harbort Plaza,18104,1,2022-11-27
29,Luce,Coutthart,lcouttharts@phoca.cz,Male,704-370-7095,7 Bartillon Place,57730,2,2022-11-17
30,Erhart,Kiehne,ekiehnet@ifeng.com,Polygender,814-628-5571,8891 Killdeer Alley,55439,1,2022-11-28
31,Marlo,Kynton,mkyntonu@statcounter.com,Male,888-776-5612,47276 Melrose Court,12131,3,2022-11-14
32,Kahlil,Minillo,kminillov@51.la,Male,764-355-6253,48 Kenwood Terrace,75412,1,2022-11-05
33,Silvester,Conley,sconleyw@virginia.edu,Male,829-943-7902,51 Eggendart Court,15228,2,2022-11-05
34,Charlton,Garrad,cgarradx@behance.net,Genderqueer,768-566-8041,5 Arizona Crossing,36109,1,2022-11-24
35,Wynn,Haine,whainey@google.es,Female,642-959-1568,053 International Pass,23505,2,2022-11-14
36,Madonna,Skaife d'Ingerthorpe,mskaifedingerthorpez@sohu.com,Female,664-135-8654,882 Eagan Circle,84415,1,2022-11-30
37,Yul,Kidner,ykidner10@nih.gov,Male,328-338-4566,36470 Ridge Oak Lane,64124,2,2022-11-11
38,Claus,Peagram,cpeagram11@whitehouse.gov,Male,413-541-9485,37049 Columbus Plaza,35270,1,2022-11-01
39,Ivar,Belin,ibelin12@infoseek.co.jp,Male,128-279-5886,250 Michigan Crossing,55812,2,2022-11-07
40,Kareem,Kingsnod,kkingsnod13@salon.com,Male,283-155-1844,389 Mendota Park,91308,1,2022-11-22
41,Desiri,Muckle,dmuckle14@nifty.com,Female,849-528-9435,419 Ridgeview Point,32780,3,2022-11-23
42,Irena,Lailey,ilailey15@cpanel.net,Female,434-214-0529,484 Fairfield Way,42083,1,2022-11-29
43,Gabriellia,Dodshun,gdodshun16@bing.com,Female,560-592-0895,922 Northwestern Hill,62288,2,2022-11-23
44,Scott,Jansson,sjansson17@ovh.net,Male,778-962-2569,4316 Bultman Street,93638,1,2022-11-18
45,Dorine,Snowling,dsnowling18@bloglovin.com,Female,160-876-7180,50158 Cardinal Point,54721,2,2022-11-07
46,Lea,Bitcheno,lbitcheno19@issuu.com,Female,666-455-2762,86530 Melrose Center,44702,1,2022-11-10
47,Dermot,Herity,dherity1a@walmart.com,Male,886-242-5145,4 Utah Pass,59084,2,2022-11-06
48,Eddi,Kenyam,ekenyam1b@earthlink.net,Female,265-526-5290,40 Rowland Pass,56123,1,2022-11-14
49,Dorella,Spurret,dspurret1c@nba.com,Female,456-624-7339,4914 Beilfuss Park,10043,2,2022-11-26
50,Alan,Redish,aredish1d@nbcnews.com,Male,410-324-8236,2 Ridge Oak Street,30537,1,2022-11-27
51,Saunderson,Trahair,strahair1e@google.de,Genderfluid,269-258-6645,4965 Crescent Oaks Way,49232,3,2022-11-01
52,Tracey,Lippett,tlippett1f@fotki.com,Male,425-888-7629,50820 North Trail,52073,1,2022-11-01
53,Booth,Morse,bmorse1g@archive.org,Male,344-892-0457,58 Bonner Road,46183,2,2022-11-16
54,Deedee,Menco,dmenco1h@wp.com,Female,458-167-7188,9090 Knutson Alley,24846,1,2022-11-10
55,Keary,Swabey,kswabey1i@gnu.org,Male,100-292-4600,0977 Vera Trail,10514,2,2022-11-07
56,Frederich,Rasch,frasch1j@unicef.org,Male,948-629-6886,2 Fordem Pass,16933,1,2022-11-03
57,Mahmud,Jorcke,mjorcke1k@icq.com,Male,397-247-2435,2601 Dunning Point,41076,2,2022-11-15
58,Ryun,Fevers,rfevers1l@unesco.org,Male,607-750-5332,1 Anthes Park,17880,1,2022-11-16
59,Law,Gillimgham,lgillimgham1m@cdbaby.com,Male,461-365-0417,6440 Messerschmidt Pass,64078,2,2022-11-25
60,Ignacius,Wyant,iwyant1n@theglobeandmail.com,Male,984-671-8837,25 Waubesa Park,91221,1,2022-11-22
61,Honor,Sindall,hsindall1o@eepurl.com,Female,590-700-8350,1 Rusk Circle,85931,3,2022-11-06
62,Kale,Izhakov,kizhakov1p@indiegogo.com,Male,639-443-0906,7 Logan Junction,45855,1,2022-11-30
63,Heath,Fenty,hfenty1q@boston.com,Male,423-731-6084,677 Tennessee Court,75478,2,2022-11-01
64,Karalee,Laroze,klaroze1r@google.ru,Female,852-487-8783,41 Granby Terrace,17985,1,2022-11-12
65,Esta,Signe,esigne1s@yandex.ru,Female,535-443-8978,87080 Swallow Alley,65640,2,2022-11-06
66,Ches,Corzon,ccorzon1t@gizmodo.com,Male,818-156-3652,45327 Hallows Point,62463,1,2022-11-09
67,Elly,Sarvar,esarvar1u@mail.ru,Polygender,595-901-0101,5325 Lillian Road,10256,2,2022-11-12
68,Andeee,Guard,aguard1v@adobe.com,Female,547-462-0909,1 Spohn Road,76678,1,2022-12-01
69,Justis,Gosforth,jgosforth1w@cafepress.com,Male,635-240-9460,361 Mcguire Point,15465,2,2022-11-30
70,Claresta,Stollenwerck,cstollenwerck1x@va.gov,Female,929-405-1272,67526 Towne Pass,46543,1,2022-11-08
71,Zollie,O' Clovan,zoclovan1y@hibu.com,Male,210-766-8246,8 Old Shore Terrace,99566,3,2022-11-06
72,Laurie,Twitty,ltwitty1z@storify.com,Male,205-638-0570,71101 Delladonna Pass,65557,1,2022-11-03
73,Ronnica,Atkirk,ratkirk20@e-recht24.de,Female,547-558-0084,58861 Mifflin Place,03077,2,2022-11-11
74,Rollo,Mancell,rmancell21@earthlink.net,Male,588-750-2181,693 Acker Court,71113,1,2022-11-17
75,Nollie,Kareman,nkareman22@msn.com,Female,992-733-8349,1600 Spaight Road,35282,2,2022-12-01
76,Peadar,Ladell,pladell23@ocn.ne.jp,Male,388-731-9360,7 Oriole Place,57104,1,2022-12-01
77,Alissa,Pavic,apavic24@biglobe.ne.jp,Female,265-885-7891,10751 School Park,32706,2,2022-11-22
78,Sammie,Boeter,sboeter25@dailymotion.com,Male,542-611-0497,0308 Linden Drive,73548,1,2022-11-18
79,Rachelle,Finlayson,rfinlayson26@boston.com,Female,521-407-5610,9123 Bellgrove Crossing,34482,2,2022-11-25
80,Kyrstin,Mariolle,kmariolle27@psu.edu,Female,671-200-8749,5376 Mifflin Terrace,45780,1,2022-11-03
81,Ewart,McKinnell,emckinnell28@usa.gov,Male,375-503-4892,12486 Reindahl Street,75246,3,2022-11-12
82,Lindsey,Finlaison,lfinlaison29@netlog.com,Female,965-266-2777,769 Spohn Hill,15091,1,2022-11-19
83,Adan,Bitchener,abitchener2a@guardian.co.uk,Male,419-606-5268,0645 Debra Place,48727,2,2022-11-08
84,Winn,Penner,wpenner2b@wufoo.com,Male,325-381-3742,7 Granby Pass,61421,1,2022-11-16
85,Meriel,Oliveira,moliveira2c@wsj.com,Bigender,198-541-9427,961 Crowley Park,16415,2,2022-11-27
86,Court,Waslin,cwaslin2d@sakura.ne.jp,Male,230-263-7700,18 Mcguire Terrace,35491,1,2022-11-20
87,Tammie,Kinsman,tkinsman2e@bloomberg.com,Male,277-476-0116,0 Rieder Place,45867,2,2022-11-10
88,Vivie,Snailham,vsnailham2f@illinois.edu,Female,478-227-2825,1 Elmside Drive,23302,1,2022-11-23
89,Ted,Isaacs,tisaacs2g@amazon.com,Male,700-204-4165,29 Shasta Avenue,01561,2,2022-11-21
90,Pietro,Stockwell,pstockwell2h@un.org,Male,336-406-1109,542 Vermont Plaza,98036,1,2022-11-11
91,Jobey,Jesse,jjesse2i@army.mil,Female,236-695-2507,56244 Petterle Crossing,71251,3,2022-11-26
92,Aida,Skones,askones2j@cargocollective.com,Female,490-844-7053,18354 Mallory Point,72437,1,2022-11-11
93,Gibbie,Delacroux,gdelacroux2k@phpbb.com,Male,727-708-5689,3673 Old Gate Place,28369,2,2022-11-10
94,Salomi,Pottage,spottage2l@google.com.br,Female,261-284-8855,99074 Kensington Court,11693,1,2022-11-17
95,Min,Cardenoza,mcardenoza2m@army.mil,Female,219-558-0722,9490 Meadow Valley Point,35961,2,2022-11-05
96,Alexandrina,Blackledge,ablackledge2n@addthis.com,Female,952-255-5644,27581 Lake View Court,05655,1,2022-11-28
97,Holden,Etridge,hetridge2o@ning.com,Polygender,792-375-4832,995 Red Cloud Point,12779,2,2022-11-30
98,Cosmo,Corah,ccorah2p@deviantart.com,Male,373-184-0895,7268 Straubel Circle,32896,1,2022-11-30
99,Whit,Powe,wpowe2q@dmoz.org,Male,740-244-8030,857 Moose Junction,09503,2,2022-11-10
100,Clim,Klarzynski,cklarzynski2r@homestead.com,Male,358-544-8903,70940 Crowley Center,92257,1,2022-11-03
101,Suzie,O' Brian,sobrian2s@quantcast.com,Female,714-459-0367,12999 Mockingbird Hill,21130,3,2022-11-05
102,Ferrell,Rudgard,frudgard2t@admin.ch,Male,730-402-2359,3807 Sutteridge Terrace,62266,1,2022-11-03
103,Tania,Palombi,tpalombi2u@nba.com,Female,372-110-6114,45 Alpine Crossing,35116,2,2022-11-29
104,Mortimer,Coonan,mcoonan2v@comcast.net,Male,367-170-8809,25415 Red Cloud Park,72575,1,2022-11-30
105,Emmalynne,Chalkly,echalkly2w@plala.or.jp,Female,239-658-0061,6546 Merrick Alley,24095,2,2022-11-25
106,Alexine,Dureden,adureden2x@networkadvertising.org,Non-binary,915-670-2509,573 Fair Oaks Parkway,57790,1,2022-11-18
107,Odey,Cuell,ocuell2y@discuz.net,Male,515-612-1786,5858 Mccormick Drive,88021,2,2022-11-03
108,Dido,Brocket,dbrocket2z@deviantart.com,Female,912-127-1955,4922 Tony Alley,88242,1,2022-11-18
109,Carie,Jeandet,cjeandet30@nih.gov,Female,241-959-2252,9 Dixon Lane,76013,2,2022-11-07
110,Petr,Canet,pcanet31@umich.edu,Male,219-681-7597,31 Delladonna Center,29466,1,2022-11-25
111,Leontyne,Manifold,lmanifold32@mtv.com,Female,271-310-3108,64720 Truax Point,33106,3,2022-11-04
112,Wolfy,Cordell,wcordell33@pen.io,Non-binary,998-147-0114,8545 Atwood Center,68780,1,2022-11-15
113,Roberta,Cello,rcello34@pbs.org,Female,757-278-8860,017 Vermont Point,77808,2,2022-11-01
114,Cleve,Burrows,cburrows35@unblog.fr,Non-binary,934-636-5286,7747 Macpherson Avenue,15745,1,2022-11-23
115,Ricard,Tumielli,rtumielli36@huffingtonpost.com,Bigender,346-410-4780,91 Granby Alley,74003,2,2022-11-25
116,Urban,Yashnov,uyashnov37@umn.edu,Male,963-939-2268,0 Briar Crest Park,31201,1,2022-12-01
117,Hunt,Wright,hwright38@howstuffworks.com,Male,367-943-6188,1 Kropf Drive,37409,2,2022-11-26
118,Spence,Dignall,sdignall39@free.fr,Male,985-148-1181,09 Lighthouse Bay Place,46770,1,2022-11-18
119,Iris,Marcroft,imarcroft3a@g.co,Female,654-979-4584,795 Meadow Ridge Street,87323,2,2022-11-01
120,Cassy,MacKaile,cmackaile3b@marketwatch.com,Female,904-292-7287,8 Farragut Circle,66419,1,2022-11-22
121,Phyllida,Scothron,pscothron3c@ameblo.jp,Female,957-611-7955,9 Caliangt Point,76077,3,2022-11-21
122,Melisse,Ruthven,mruthven3d@chron.com,Female,527-653-5284,0 Annamark Circle,07963,1,2022-11-29
123,Quinn,Oldershaw,qoldershaw3e@canalblog.com,Male,248-910-5829,996 Carioca Crossing,68659,2,2022-11-25
124,Catherin,Murfett,cmurfett3f@newsvine.com,Female,202-669-7210,50236 8th Circle,54418,1,2022-11-05
125,Jodie,Mottram,jmottram3g@reddit.com,Male,755-215-9691,214 Stang Crossing,47244,2,2022-11-09
126,Thayne,Penswick,tpenswick3h@shinystat.com,Male,224-849-6252,9 Rowland Drive,62685,1,2022-11-05
127,Ira,Thomel,ithomel3i@bloglovin.com,Polygender,657-755-2068,8 Oriole Place,42102,2,2022-11-10
128,Creigh,Pordall,cpordall3j@ovh.net,Male,123-811-3717,99242 Mandrake Place,80010,1,2022-11-05
129,Legra,Cockayme,lcockayme3k@domainmarket.com,Female,513-697-3442,931 Tony Alley,46050,2,2022-12-01
130,Genna,O'Gready,gogready3l@usnews.com,Female,810-860-9644,2645 Reindahl Trail,16255,1,2022-11-26
131,Vikky,Ughetti,vughetti3m@nationalgeographic.com,Female,946-502-5430,0 Texas Junction,06702,3,2022-12-01
132,Gaston,Pirdy,gpirdy3n@ask.com,Male,338-867-6254,3571 3rd Parkway,18951,1,2022-11-25
133,Kylen,Grishakin,kgrishakin3o@smh.com.au,Female,142-158-7820,0789 Raven Road,77967,2,2022-11-09
134,Dredi,Paffley,dpaffley3p@usda.gov,Female,616-955-6060,69223 Bobwhite Junction,95008,1,2022-11-08
135,Manolo,Belchambers,mbelchambers3q@qq.com,Male,252-680-9327,1 Starling Pass,45614,2,2022-11-28
136,Pearle,Cordingley,pcordingley3r@springer.com,Female,334-499-2582,4349 Hayes Way,97283,1,2022-11-19
137,Ynez,Gillon,ygillon3s@printfriendly.com,Non-binary,308-284-1075,36730 Ohio Hill,58421,2,2022-11-07
138,Zuzana,Whellans,zwhellans3t@digg.com,Female,881-564-5741,2 Garrison Drive,87364,1,2022-11-05
139,Darbie,Woollaston,dwoollaston3u@csmonitor.com,Female,599-404-2535,22 Westport Road,34087,2,2022-11-03
140,Analise,Musker,amusker3v@delicious.com,Female,914-554-5326,38719 Fulton Pass,58576,1,2022-11-19
141,Marwin,Crannach,mcrannach3w@illinois.edu,Male,361-403-0027,9 2nd Park,78059,3,2022-11-09
142,Elissa,Iannuzzi,eiannuzzi3x@abc.net.au,Female,614-892-4551,22 Prairie Rose Pass,51020,1,2022-11-28
143,My,Srawley,msrawley3y@mac.com,Male,784-183-5174,366 Lighthouse Bay Alley,40257,2,2022-11-25
144,Sena,Getty,sgetty3z@engadget.com,Female,331-451-5377,7777 Rowland Circle,99030,1,2022-11-06
145,Mortie,Griffin,mgriffin40@4shared.com,Male,115-212-4103,3 Logan Terrace,58636,2,2022-11-26
146,Cally,Gamwell,cgamwell41@cam.ac.uk,Female,150-532-8873,40465 Jana Street,85062,1,2022-11-23
147,Irvin,Margrie,imargrie42@slashdot.org,Male,590-102-0991,57959 Jana Street,00907,2,2022-12-01
148,Fanya,Stent,fstent43@oracle.com,Female,261-390-2899,895 2nd Trail,79538,1,2022-11-22
149,Killian,Venners,kvenners44@stumbleupon.com,Polygender,705-515-1609,65931 Atwood Street,20142,2,2022-11-23
150,Arluene,Spires,aspires45@theguardian.com,Female,204-353-1942,13 Division Place,66039,1,2022-11-03
151,Ingemar,Havick,ihavick46@census.gov,Male,727-482-3964,5306 Becker Lane,84649,3,2022-11-19
152,Alis,Pynn,apynn47@examiner.com,Female,518-547-7140,350 Nancy Pass,24860,1,2022-11-07
153,Kinsley,Glowacha,kglowacha48@europa.eu,Male,396-766-4949,90 Steensland Point,11431,2,2022-11-13
154,Maryellen,Beneix,mbeneix49@paypal.com,Female,187-265-2527,08558 Almo Plaza,40049,1,2022-12-01
155,Reinold,Merali,rmerali4a@163.com,Male,449-467-6651,5981 Muir Park,68325,2,2022-11-15
156,Roxana,Vader,rvader4b@google.co.uk,Female,907-945-4039,2 Basil Way,31076,1,2022-11-21
157,Dilan,Albin,dalbin4c@google.com,Male,807-927-1951,372 Grover Place,17528,2,2022-11-17
158,Devina,Mungan,dmungan4d@telegraph.co.uk,Female,981-123-1117,72800 Washington Pass,66047,1,2022-11-13
159,Thayne,Itscovitz,titscovitz4e@newyorker.com,Male,850-650-2663,9 Ridgeview Trail,20189,2,2022-11-05
160,Winston,Siderfin,wsiderfin4f@statcounter.com,Male,514-675-4365,57 Hudson Alley,55413,1,2022-11-29
161,Dougie,Mullaney,dmullaney4g@zimbio.com,Male,973-494-4482,8649 Barnett Court,28642,3,2022-11-10
162,Berkley,Dennick,bdennick4h@list-manage.com,Male,806-791-1721,1 Loftsgordon Point,36567,1,2022-11-29
163,Baron,Dwelley,bdwelley4i@apple.com,Male,970-840-3735,0 Grover Hill,16428,2,2022-11-16
164,Loutitia,Rummin,lrummin4j@cdc.gov,Agender,535-808-5929,5 Shelley Road,17271,1,2022-11-11
165,Townsend,Ferrarini,tferrarini4k@fastcompany.com,Male,833-499-6203,9 Derek Trail,39163,2,2022-11-09
166,Liuka,Insley,linsley4l@istockphoto.com,Agender,671-353-6189,03033 Rowland Crossing,68062,1,2022-11-11
167,Ephraim,Bariball,ebariball4m@yellowbook.com,Male,953-427-8189,9 Redwing Parkway,99578,2,2022-11-12
168,Hollie,Christou,hchristou4n@netlog.com,Female,682-963-0663,31 Golf Course Pass,56326,1,2022-11-23
169,Bastian,Sefton,bsefton4o@istockphoto.com,Male,155-890-0262,4052 Moulton Terrace,61761,2,2022-11-08
170,Noella,Fitzroy,nfitzroy4p@woothemes.com,Female,354-680-3325,58337 Sutteridge Parkway,43302,1,2022-11-11
171,Moria,Leak,mleak4q@barnesandnoble.com,Female,153-222-8809,24779 Leroy Lane,38732,3,2022-11-03
172,Cristine,Le Gassick,clegassick4r@sina.com.cn,Female,983-440-5786,84921 Karstens Road,29565,1,2022-11-13
173,Zerk,Curtiss,zcurtiss4s@nhs.uk,Male,173-981-9657,4710 Dryden Court,20735,2,2022-11-01
174,Manolo,Thinn,mthinn4t@newyorker.com,Male,279-766-6691,112 Michigan Pass,26209,1,2022-11-12
175,Monte,Consadine,mconsadine4u@phpbb.com,Male,462-253-4086,2 Talmadge Point,89423,2,2022-11-11
176,Jeane,Zienkiewicz,jzienkiewicz4v@amazon.co.uk,Female,946-427-2601,534 Pennsylvania Point,29714,1,2022-11-20
177,Idelle,Jamrowicz,ijamrowicz4w@chron.com,Female,710-895-2730,44 Russell Pass,78373,2,2022-11-10
178,Danica,Vanns,dvanns4x@disqus.com,Genderqueer,629-620-4708,802 Brickson Park Alley,80498,1,2022-11-15
179,Jay,Baudins,jbaudins4y@pbs.org,Male,975-885-1680,71942 Anthes Circle,08647,2,2022-11-30
180,Bruno,Rizzotto,brizzotto4z@soundcloud.com,Male,403-706-5299,71 Johnson Way,56345,1,2022-11-21
181,Dewitt,Laboune,dlaboune50@salon.com,Male,628-201-3858,3 Carioca Center,51062,3,2022-11-09
182,Daryl,Speaks,dspeaks51@scribd.com,Female,364-371-0989,26867 Coolidge Park,36120,1,2022-11-16
183,Gorden,Ickovicz,gickovicz52@t.co,Male,991-774-0080,1 High Crossing Hill,90048,2,2022-11-01
184,Carter,Dorricott,cdorricott53@1und1.de,Male,223-292-3266,82 Mifflin Place,91933,1,2022-11-17
185,Fraser,Hartford,fhartford54@vkontakte.ru,Male,627-560-5166,01184 Sundown Circle,98826,2,2022-11-20
186,Pinchas,Grzeszczyk,pgrzeszczyk55@hexun.com,Male,183-823-3687,01854 Moulton Trail,49279,1,2022-11-02
187,Drucie,Stranger,dstranger56@wisc.edu,Bigender,285-881-2428,9057 Troy Street,65625,2,2022-11-04
188,Hurleigh,Essex,hessex57@stumbleupon.com,Male,512-741-9062,38405 Ramsey Hill,92544,1,2022-11-05
189,Caritta,Neward,cneward58@fda.gov,Female,136-791-7247,3788 Karstens Avenue,46515,2,2022-11-01
190,Aylmer,Readett,areadett59@deviantart.com,Male,295-611-1484,66503 Kim Avenue,43093,1,2022-11-11
191,Gypsy,Phillpot,gphillpot5a@ow.ly,Female,117-521-0204,6405 Morning Crossing,17087,3,2022-11-14
192,Leland,Gillitt,lgillitt5b@fastcompany.com,Female,826-982-7820,9430 Sachs Place,96754,1,2022-11-14
193,Harwell,McAllister,hmcallister5c@elegantthemes.com,Male,954-800-2503,28401 Iowa Park,44178,2,2022-11-25
194,Janetta,Cummins,jcummins5d@list-manage.com,Female,129-989-1138,90 Cordelia Lane,75417,1,2022-11-29
195,Irwinn,Maddrell,imaddrell5e@va.gov,Genderqueer,177-235-6328,0607 Paget Street,54307,2,2022-11-13
196,Idalina,Dobbinson,idobbinson5f@studiopress.com,Female,146-421-6211,368 Lighthouse Bay Lane,25007,1,2022-11-12
197,Micki,Skillings,mskillings5g@google.com.hk,Female,584-353-4171,8 Marquette Avenue,82218,2,2022-11-18
198,Gar,Ebourne,gebourne5h@slate.com,Male,737-758-3327,002 Bunting Street,99727,1,2022-11-21
199,Dane,Bill,dbill5i@census.gov,Male,329-813-8325,596 Union Court,25537,2,2022-11-07
200,Retha,Marritt,rmarritt5j@forbes.com,Female,999-114-6051,72530 Muir Plaza,73012,1,2022-11-02
201,Georgeanne,Ascraft,gascraft5k@japanpost.jp,Female,503-665-7510,240 Logan Hill,66603,3,2022-11-01
202,Clemmy,Codron,ccodron5l@nature.com,Male,205-813-8874,998 Corben Way,85374,1,2022-11-15
203,Germaine,Burgum,gburgum5m@imageshack.us,Female,619-368-5771,8945 Rusk Court,24065,2,2022-11-07
204,Clareta,Ottiwill,cottiwill5n@simplemachines.org,Female,697-210-0899,2304 Grasskamp Terrace,30147,1,2022-11-01
205,Pail,Aldridge,paldridge5o@cnn.com,Male,959-371-0984,47132 Birchwood Center,97373,2,2022-11-21
206,Gabbie,Brimman,gbrimman5p@reference.com,Male,808-492-7890,84 Daystar Park,95240,1,2022-11-24
207,Meriel,Hubner,mhubner5q@fastcompany.com,Female,663-763-5105,5 Evergreen Pass,73072,2,2022-11-30
208,Eimile,M'Chirrie,emchirrie5r@deliciousdays.com,Female,229-640-9069,78088 Portage Avenue,08033,1,2022-11-03
209,Paloma,Kynsey,pkynsey5s@statcounter.com,Female,112-219-2830,5 Vernon Road,27497,2,2022-11-03
210,Regen,Boarleyson,rboarleyson5t@delicious.com,Male,511-886-8966,828 Maple Wood Terrace,21734,1,2022-11-04
211,Kimball,Honig,khonig5u@flickr.com,Male,431-860-4698,02751 Helena Lane,32860,3,2022-11-29
212,Olenolin,Dederich,odederich5v@google.ca,Male,792-980-2317,46 Blue Bill Park Street,84145,1,2022-11-18
213,Zenia,Haig,zhaig5w@kickstarter.com,Female,339-566-1935,9711 Clarendon Lane,71024,2,2022-11-08
214,Natassia,Fawdrie,nfawdrie5x@odnoklassniki.ru,Female,367-766-1351,20332 Sycamore Point,72026,1,2022-11-21
215,Ailina,Skrzynski,askrzynski5y@china.com.cn,Female,435-308-4783,2526 Division Avenue,83313,2,2022-11-14
216,Walt,Roote,wroote5z@yahoo.com,Male,974-618-0614,11924 Talisman Place,50323,1,2022-11-03
217,Bertha,Androli,bandroli60@cbc.ca,Non-binary,508-988-8329,56320 Vernon Terrace,38721,2,2022-11-08
218,Bartie,Chalcot,bchalcot61@wordpress.com,Male,805-566-5555,9084 Florence Street,11855,1,2022-11-28
219,Josias,Tresvina,jtresvina62@xrea.com,Male,894-486-4618,6059 Myrtle Parkway,86412,2,2022-11-27
220,Ailey,Duplain,aduplain63@ted.com,Female,709-519-9069,2387 Union Road,60008,1,2022-11-21
221,Crystal,Hofler,chofler64@cisco.com,Female,922-976-7024,3 Melody Park,18044,3,2022-12-01
222,Leslie,Scrancher,lscrancher65@webs.com,Female,119-694-4864,72527 Kim Pass,85217,1,2022-11-15
223,Paul,Easterbrook,peasterbrook66@dmoz.org,Male,116-575-5132,8868 Graceland Circle,39654,2,2022-11-26
224,Quincey,Sayton,qsayton67@nytimes.com,Male,230-335-6785,37 Crowley Park,83501,1,2022-11-05
225,Salvador,Claremont,sclaremont68@nps.gov,Male,477-233-9712,377 Hoffman Place,66642,2,2022-11-12
226,Bill,Hugues,bhugues69@huffingtonpost.com,Male,707-613-2376,10508 Ohio Road,67402,1,2022-11-15
227,Rodolphe,Chasney,rchasney6a@xing.com,Male,641-649-8895,65 Thompson Center,02447,2,2022-11-18
228,Rita,Kibel,rkibel6b@google.pl,Female,333-805-2722,9 Lake View Trail,01518,1,2022-11-01
229,Rani,Eckels,reckels6c@netscape.com,Female,190-871-6932,1908 Buena Vista Trail,93242,2,2022-11-04
230,Denys,Tatershall,dtatershall6d@answers.com,Polygender,643-924-3814,212 Messerschmidt Avenue,24592,1,2022-11-04
231,Bonnibelle,Greedy,bgreedy6e@joomla.org,Female,855-753-2012,3147 Schlimgen Alley,27878,3,2022-11-19
232,Hedy,Fynan,hfynan6f@about.me,Female,765-704-0176,85632 Weeping Birch Parkway,01515,1,2022-11-23
233,Sabina,Mein,smein6g@tuttocitta.it,Female,531-980-0531,03 Blaine Alley,40619,2,2022-11-15
234,Merv,Ronisch,mronisch6h@guardian.co.uk,Male,888-382-3064,0768 Donald Parkway,62915,1,2022-11-07
235,Rubetta,Biskupski,rbiskupski6i@cpanel.net,Female,684-456-0786,282 Eastlawn Point,69301,2,2022-11-03
236,Barr,Ouldred,bouldred6j@about.com,Male,168-638-5053,22 Lerdahl Pass,41049,1,2022-11-01
237,Jermaine,Rudolfer,jrudolfer6k@google.nl,Male,420-611-5288,50342 Londonderry Junction,26038,2,2022-11-20
238,Petronille,Isakovic,pisakovic6l@archive.org,Female,530-245-4337,359 Sutherland Road,85709,1,2022-11-01
239,Madge,Skillanders,mskillanders6m@simplemachines.org,Female,787-347-5207,548 Fair Oaks Place,40176,2,2022-11-11
240,Randie,Rexworthy,rrexworthy6n@php.net,Male,631-974-0040,9983 Sommers Hill,67656,1,2022-11-19
241,Hersh,Ivashin,hivashin6o@unesco.org,Male,581-551-6458,6 Golf Avenue,85098,3,2022-11-06
242,Norbie,Bousquet,nbousquet6p@thetimes.co.uk,Male,691-944-4049,32930 Lillian Center,78123,1,2022-11-04
243,Nerta,Parrott,nparrott6q@state.tx.us,Female,835-684-3241,1 Northland Park,32618,2,2022-11-07
244,Keelby,Willock,kwillock6r@etsy.com,Male,243-373-5980,9 School Center,96158,1,2022-11-09
245,Bibbye,MacDearmont,bmacdearmont6s@ox.ac.uk,Female,600-495-8483,7 Fisk Crossing,79054,2,2022-11-04
246,Queenie,Carling,qcarling6t@macromedia.com,Female,815-342-5686,547 Utah Hill,45830,1,2022-11-04
247,Hyacintha,Hampshaw,hhampshaw6u@unc.edu,Female,941-527-7263,85626 Sachtjen Plaza,28731,2,2022-11-08
248,Shelby,Sartain,ssartain6v@usgs.gov,Female,748-927-4201,08 Mayfield Court,01971,1,2022-11-24
249,Foss,Flaubert,fflaubert6w@mediafire.com,Male,682-697-0942,27081 Cody Hill,17543,2,2022-11-18
250,Rad,Cucinotta,rcucinotta6x@noaa.gov,Male,845-867-2808,099 Charing Cross Pass,58750,1,2022-12-01
251,Cybil,Machel,cmachel6y@upenn.edu,Female,410-913-3014,60 Johnson Drive,75072,3,2022-11-10
252,Essie,Hebbes,ehebbes6z@vimeo.com,Female,994-428-9937,91756 Texas Pass,33137,1,2022-11-12
253,Bay,Summerrell,bsummerrell70@blogs.com,Male,935-166-0527,6 Bobwhite Plaza,85366,2,2022-11-09
254,Buckie,Polson,bpolson71@edublogs.org,Male,670-441-0035,56537 Corry Terrace,36858,1,2022-11-05
255,Nadine,Tann,ntann72@phoca.cz,Female,279-451-9961,870 Bobwhite Circle,54531,2,2022-11-22
256,Mariana,Crohan,mcrohan73@guardian.co.uk,Female,966-471-6647,411 Starling Crossing,48157,1,2022-11-22
257,Gage,D'Angeli,gdangeli74@netscape.com,Male,128-479-1956,54897 Heffernan Point,34037,2,2022-11-23
258,Percival,Witherup,pwitherup75@aol.com,Male,162-568-0225,595 Vera Road,28098,1,2022-11-23
259,Adham,Colafate,acolafate76@tmall.com,Male,572-557-8629,4 Rutledge Parkway,68859,2,2022-11-19
260,Frederic,Braybrooks,fbraybrooks77@shareasale.com,Male,738-759-3091,1 Victoria Avenue,16928,1,2022-11-21
261,Dicky,Tartt,dtartt78@berkeley.edu,Male,855-333-3925,13 Village Green Court,45844,3,2022-11-17
262,Ingra,Nuss,inuss79@msu.edu,Male,350-956-9116,38912 Barby Lane,98855,1,2022-11-14
263,Harry,Doe,hdoe7a@noaa.gov,Male,918-721-6845,3332 Cody Court,30205,2,2022-12-01
264,Loree,Tuckerman,ltuckerman7b@github.com,Female,295-654-9614,8 Merchant Avenue,12158,1,2022-11-03
265,Dalenna,Todd,dtodd7c@home.pl,Female,374-150-7244,9 Rigney Way,07440,2,2022-11-14
266,Udell,Cardow,ucardow7d@bbb.org,Male,408-354-8177,26147 Steensland Junction,74830,1,2022-11-13
267,Even,Georghiou,egeorghiou7e@fema.gov,Male,279-127-4200,6 Grim Point,16322,2,2022-11-21
268,Basia,Jennions,bjennions7f@etsy.com,Female,240-147-6176,2694 Dovetail Pass,36039,1,2022-11-09
269,Hildegarde,Yanshin,hyanshin7g@amazon.de,Non-binary,252-909-4096,36 Old Gate Alley,62534,2,2022-11-11
270,Lethia,Swaile,lswaile7h@yelp.com,Female,957-709-1011,10 Twin Pines Lane,06473,1,2022-11-04
271,Zia,Sowrah,zsowrah7i@shop-pro.jp,Female,776-832-4056,9 Drewry Street,38835,3,2022-12-01
272,Giordano,Antalffy,gantalffy7j@biglobe.ne.jp,Genderqueer,137-497-9745,3670 Butterfield Court,26376,1,2022-11-04
273,Alwin,McQuirter,amcquirter7k@google.nl,Male,842-454-4824,91245 Claremont Point,87503,2,2022-11-12
274,Stacee,Hawkyens,shawkyens7l@instagram.com,Female,340-594-4040,1231 Bayside Parkway,92415,1,2022-11-02
275,Wilek,Kenny,wkenny7m@parallels.com,Bigender,398-855-4977,4147 Ludington Street,21557,2,2022-11-20
276,Bendick,Quenell,bquenell7n@macromedia.com,Male,698-653-1478,2073 Del Sol Park,84103,1,2022-11-02
277,Derrek,Teasdale-Markie,dteasdalemarkie7o@goo.gl,Male,170-219-6374,54608 Maryland Trail,03804,2,2022-11-21
278,Crichton,Bagnal,cbagnal7p@bluehost.com,Male,268-534-1806,20501 Mesta Alley,79915,1,2022-11-14
279,Bradley,Triggel,btriggel7q@soundcloud.com,Male,798-404-1283,77 Kingsford Crossing,30441,2,2022-11-21
280,Ari,Benoi,abenoi7r@aboutads.info,Male,242-342-3097,1900 Crescent Oaks Road,36207,1,2022-11-19
281,Perry,Calcott,pcalcott7s@wufoo.com,Male,363-532-9612,3323 Brickson Park Court,81323,3,2022-11-14
282,Moritz,Stowell,mstowell7t@fastcompany.com,Agender,715-606-9784,8 Dryden Place,24024,1,2022-11-19
283,Gabriele,Gutsell,ggutsell7u@tiny.cc,Male,211-571-4242,5832 Banding Point,47635,2,2022-11-15
284,Biron,Lindl,blindl7v@independent.co.uk,Male,812-625-1905,32 Mcguire Circle,96107,1,2022-11-18
285,Mignon,Aseef,maseef7w@thetimes.co.uk,Female,526-282-0704,6542 Crest Line Trail,53211,2,2022-11-10
286,Abigale,Rosle,arosle7x@cnet.com,Female,257-331-6461,6 Buena Vista Terrace,79945,1,2022-11-26
287,Haywood,Monget,hmonget7y@amazon.co.uk,Male,351-410-8337,1 Starling Pass,41307,2,2022-11-21
288,Elysee,Shenfisch,eshenfisch7z@youtube.com,Female,756-827-3136,5 Heffernan Road,48892,1,2022-11-28
289,Harley,Hoppner,hhoppner80@ifeng.com,Agender,185-303-8580,255 Holy Cross Point,35294,2,2022-11-10
290,Dew,Cremin,dcremin81@yellowbook.com,Male,167-524-7040,75959 Spohn Trail,99587,1,2022-11-23
291,Merv,Grotty,mgrotty82@hatena.ne.jp,Male,244-390-0577,41586 Warrior Crossing,94559,3,2022-12-01
292,Obadias,Offin,ooffin83@usatoday.com,Male,319-965-7011,315 American Ash Avenue,41124,1,2022-11-16
293,Harlin,Knightsbridge,hknightsbridge84@freewebs.com,Male,199-290-5272,7 Maryland Circle,79720,2,2022-11-08
294,Townie,Pettingall,tpettingall85@census.gov,Male,387-592-5851,85773 Steensland Plaza,07831,1,2022-11-15
295,Penrod,Cleugher,pcleugher86@deviantart.com,Male,792-809-4946,106 Delladonna Alley,15263,2,2022-11-16
296,Sayre,Rockcliffe,srockcliffe87@etsy.com,Male,767-461-7490,08327 Hovde Lane,29716,1,2022-11-10
297,Sancho,Hards,shards88@prweb.com,Male,657-101-0142,26484 Sycamore Alley,89116,2,2022-11-02
298,Alie,Clubbe,aclubbe89@acquirethisname.com,Female,549-953-8117,00 Twin Pines Avenue,10560,1,2022-11-23
299,Coriss,Baser,cbaser8a@stumbleupon.com,Female,978-984-2854,201 Pleasure Street,62012,2,2022-11-29
300,Casar,Greaves,cgreaves8b@hhs.gov,Male,658-600-1773,4717 Pawling Drive,93627,1,2022-11-27
301,Merilee,Di Filippo,mdifilippo8c@tripadvisor.com,Female,904-248-8264,81 Marcy Junction,37185,3,2022-11-19
302,Billie,Ather,bather8d@engadget.com,Male,175-710-7247,72072 Eagan Park,24220,1,2022-11-21
303,Quinlan,Arnould,qarnould8e@sohu.com,Male,326-683-7418,76197 Roth Crossing,47324,2,2022-11-02
304,Delbert,Kapiloff,dkapiloff8f@ted.com,Male,503-288-5087,40 Hintze Park,60096,1,2022-12-01
305,Alvinia,Speirs,aspeirs8g@plala.or.jp,Female,210-607-8818,0 Fallview Terrace,73718,2,2022-11-25
306,Hilary,Thrustle,hthrustle8h@washington.edu,Female,666-290-4398,12 Blaine Point,35660,1,2022-11-22
307,Jessee,Kenrack,jkenrack8i@tiny.cc,Male,728-375-6047,146 Eastwood Point,15232,2,2022-11-12
308,Lulu,Beltzner,lbeltzner8j@sciencedaily.com,Female,105-586-8920,18 Bluestem Lane,05751,1,2022-11-15
309,Byron,Bernardoux,bbernardoux8k@imdb.com,Male,305-533-2284,66 Springview Point,89158,2,2022-11-30
310,Maxi,Joss,mjoss8l@princeton.edu,Female,379-747-3410,4 Shelley Hill,44486,1,2022-11-19
311,Pearle,Crucitti,pcrucitti8m@icq.com,Non-binary,379-718-6311,068 Chive Trail,28230,3,2022-11-25
312,Mattie,Tweed,mtweed8n@posterous.com,Male,677-937-1420,21880 Waubesa Parkway,30052,1,2022-11-28
313,Twyla,Rookeby,trookeby8o@mapy.cz,Non-binary,436-668-4679,258 Forest Run Road,53209,2,2022-11-10
314,Bartolomeo,Jinkins,bjinkins8p@cargocollective.com,Male,147-749-8326,488 Rutledge Trail,95638,1,2022-12-01
315,Rena,McCobb,rmccobb8q@icq.com,Female,831-330-8672,8 Dunning Pass,96970,2,2022-11-09
316,Blaine,O'Mohun,bomohun8r@networkadvertising.org,Male,569-995-1430,3 Sauthoff Drive,82609,1,2022-11-09
317,Corrie,Grinstead,cgrinstead8s@indiegogo.com,Female,891-964-1447,812 Hanover Avenue,72139,2,2022-11-25
318,Lucius,Dalyiel,ldalyiel8t@imdb.com,Male,576-416-5925,9 Farmco Trail,78410,1,2022-11-18
319,Heindrick,Tourville,htourville8u@wiley.com,Male,317-599-4995,79599 Rieder Junction,45868,2,2022-11-19
320,Elnora,Hadlow,ehadlow8v@bbb.org,Female,588-838-9442,21668 Westend Point,81251,1,2022-11-24
321,Bernadine,Caulwell,bcaulwell8w@artisteer.com,Agender,121-544-2474,4722 Novick Point,87752,3,2022-11-05
322,Holly,Alves,halves8x@biglobe.ne.jp,Male,642-223-0371,6 Elka Hill,95715,1,2022-11-19
323,Lisetta,Seppey,lseppey8y@topsy.com,Female,559-590-8589,814 Meadow Ridge Lane,50127,2,2022-11-09
324,Faythe,Thornebarrow,fthornebarrow8z@oaic.gov.au,Female,181-513-7380,093 Kenwood Avenue,95691,1,2022-11-27
325,Darci,Kornilyev,dkornilyev90@privacy.gov.au,Female,664-627-4793,28 Spohn Terrace,80735,2,2022-11-27
326,Christi,Pero,cpero91@surveymonkey.com,Agender,283-105-9576,0 Porter Place,55042,1,2022-11-05
327,Morris,Geroldi,mgeroldi92@oracle.com,Male,156-270-7990,9874 Monica Junction,79990,2,2022-11-28
328,Lindsey,Bleasdale,lbleasdale93@photobucket.com,Male,638-397-2380,8555 Pawling Trail,27880,1,2022-11-21
329,Valerye,Britland,vbritland94@deviantart.com,Female,687-683-1532,855 Oxford Place,06450,2,2022-11-14
330,Eachelle,Longbone,elongbone95@illinois.edu,Female,428-173-2168,2202 Hanson Drive,40070,1,2022-11-03
331,Niall,Willison,nwillison96@angelfire.com,Male,190-527-1713,71879 Miller Trail,51443,3,2022-11-13
332,Nolly,Jonathon,njonathon97@paginegialle.it,Male,851-160-8459,023 Lakewood Gardens Trail,17957,1,2022-11-27
333,Daisy,Terbrugge,dterbrugge98@si.edu,Female,695-552-1772,864 Alpine Circle,61535,2,2022-11-16
334,Sheffield,Meo,smeo99@linkedin.com,Male,858-405-9435,2292 Larry Center,30906,1,2022-11-19
335,Tucker,Charopen,tcharopen9a@creativecommons.org,Male,919-125-2423,98280 Arkansas Alley,95322,2,2022-11-04
336,Rodie,Freund,rfreund9b@hatena.ne.jp,Female,865-707-1285,7 John Wall Parkway,83535,1,2022-11-07
337,Rowan,Gosswell,rgosswell9c@theatlantic.com,Male,924-574-8607,630 Steensland Avenue,92107,2,2022-11-22
338,Kat,Wilkinson,kwilkinson9d@about.me,Female,183-965-9211,1 Gerald Lane,56340,1,2022-11-05
339,Felicio,Eskrigge,feskrigge9e@forbes.com,Male,602-327-2681,91837 Vera Point,30678,2,2022-11-20
340,Isadora,Whitehorn,iwhitehorn9f@discuz.net,Agender,619-938-9273,6939 Ridgeway Road,82421,1,2022-11-22
341,Lurlene,O'Lagen,lolagen9g@examiner.com,Female,426-922-8906,798 Morningstar Hill,64648,3,2022-11-23
342,Valene,Cerie,vcerie9h@ca.gov,Female,647-139-9953,29945 Crescent Oaks Junction,61831,1,2022-11-07
343,Eleanora,Bunyan,ebunyan9i@trellian.com,Female,673-366-4581,4254 Dapin Place,05641,2,2022-11-11
344,Mill,Binnie,mbinnie9j@newyorker.com,Male,926-841-7197,64830 Rutledge Alley,36851,1,2022-11-18
345,Bard,Vase,bvase9k@bravesites.com,Male,689-311-9589,8 Magdeline Point,79311,2,2022-11-19
346,Mellisa,Al Hirsi,malhirsi9l@ca.gov,Female,832-249-6269,2 Fallview Pass,62219,1,2022-11-22
347,Farly,Muffett,fmuffett9m@xinhuanet.com,Male,135-466-5414,30 Laurel Alley,43618,2,2022-11-06
348,Augie,Sturt,asturt9n@baidu.com,Male,255-825-8208,8 Mayer Court,85262,1,2022-11-01
349,Amandi,D'Ugo,adugo9o@sakura.ne.jp,Female,544-783-1362,324 Farmco Park,38864,2,2022-11-11
350,Tani,Kerkham,tkerkham9p@cloudflare.com,Female,185-922-3004,7 Dunning Plaza,50576,1,2022-11-04
351,Wynn,Tour,wtour9q@feedburner.com,Female,974-989-1790,336 Hudson Road,15458,3,2022-11-03
352,Joana,Ravenscroft,jravenscroft9r@exblog.jp,Female,636-721-0232,5 Nelson Terrace,54857,1,2022-11-25
353,Florinda,Acome,facome9s@dailymotion.com,Female,608-243-9353,3 Anhalt Junction,65768,2,2022-11-18
354,Briant,Thomann,bthomann9t@apache.org,Male,879-144-3757,2 Grim Plaza,08740,1,2022-11-16
355,Dennison,Borrett,dborrett9u@skyrock.com,Male,874-865-2745,62844 Main Street,41146,2,2022-11-01
356,Alec,Jarrold,ajarrold9v@goo.ne.jp,Male,107-613-1503,48273 Granby Lane,67039,1,2022-11-03
357,Lesli,Kynett,lkynett9w@deliciousdays.com,Female,486-104-7847,83 Oakridge Crossing,00902,2,2022-11-17
358,Sheppard,Bernath,sbernath9x@surveymonkey.com,Male,349-121-1731,9 Oak Street,92842,1,2022-11-30
359,Deedee,Dewett,ddewett9y@cornell.edu,Female,767-322-4591,51749 Farragut Trail,63070,2,2022-11-26
360,Leyla,Muriel,lmuriel9z@cdc.gov,Female,977-963-4727,445 6th Place,15253,1,2022-11-10
361,Brena,Featherston,bfeatherstona0@naver.com,Polygender,286-521-8775,011 Meadow Vale Lane,57017,3,2022-11-13
362,Kory,Dugood,kdugooda1@google.com.hk,Male,321-111-2046,1132 Veith Drive,85051,1,2022-11-26
363,Lara,Curneen,lcurneena2@bbb.org,Female,321-606-3484,31 Express Place,34089,2,2022-11-11
364,Chandler,Hayles,chaylesa3@phpbb.com,Male,659-856-3146,35 Anniversary Way,97918,1,2022-12-01
365,Roddy,Berk,rberka4@yolasite.com,Male,618-216-5340,76474 Dwight Trail,14487,2,2022-11-09
366,Lin,Hopfner,lhopfnera5@devhub.com,Polygender,437-776-5227,22 Kipling Street,98661,1,2022-11-22
367,Nikki,Sedgefield,nsedgefielda6@nationalgeographic.com,Genderfluid,647-927-0776,94111 Darwin Lane,50103,2,2022-11-10
368,Darby,Realff,drealffa7@4shared.com,Male,121-318-9301,6 Shasta Road,96818,1,2022-11-19
369,Carmel,Ascraft,cascrafta8@cpanel.net,Female,459-608-8532,54 Marquette Trail,34267,2,2022-11-06
370,Job,Zack,jzacka9@tmall.com,Male,962-320-6502,330 Monument Street,89450,1,2022-11-02
371,Derril,Saffell,dsaffellaa@cocolog-nifty.com,Agender,448-822-2668,7 Rowland Crossing,20223,3,2022-11-28
372,Elfie,Ogles,eoglesab@bing.com,Female,270-961-0548,25 Declaration Lane,45888,1,2022-11-29
373,Ansley,Freshwater,afreshwaterac@issuu.com,Female,778-486-6763,04061 Waubesa Terrace,49931,2,2022-11-27
374,Godfree,Vanezis,gvanezisad@slideshare.net,Male,864-928-2274,28 Thompson Way,25201,1,2022-11-29
375,Tandy,Curro,tcurroae@zimbio.com,Female,243-706-2981,694 Vera Point,98580,2,2022-11-17
376,Cristionna,Gaskin,cgaskinaf@washington.edu,Female,744-914-6380,3 Rutledge Alley,34023,1,2022-11-24
377,Charla,Doonican,cdoonicanag@themeforest.net,Female,141-188-7960,963 Goodland Point,87511,2,2022-11-17
378,Carol-jean,Buchanan,cbuchananah@digg.com,Genderfluid,435-430-8565,9216 Starling Lane,08518,1,2022-11-29
379,Mareah,Ainsley,mainsleyai@soup.io,Female,365-361-9732,373 Charing Cross Alley,34711,2,2022-11-24
380,Dallis,Bromidge,dbromidgeaj@sbwire.com,Male,806-176-8424,73 Sutherland Alley,28104,1,2022-11-22
381,Byram,Emmanuele,bemmanueleak@surveymonkey.com,Male,568-451-2264,38 Aberg Junction,61114,3,2022-11-12
382,Mead,Haugh,mhaughal@tamu.edu,Male,445-245-7771,5 Muir Alley,73491,1,2022-11-15
383,Gus,Blomfield,gblomfieldam@wix.com,Genderqueer,496-307-9189,53 Meadow Valley Lane,78853,2,2022-11-29
384,Xena,Coogan,xcooganan@nps.gov,Female,405-939-9860,92 Rieder Way,76051,1,2022-11-09
385,Alistair,Poor,apoorao@ucoz.com,Male,808-262-2152,91080 Graceland Hill,03865,2,2022-11-03
386,Audra,Bernardes,abernardesap@people.com.cn,Female,546-282-0157,8450 Eastlawn Plaza,65104,1,2022-11-06
387,Coretta,Braunds,cbraundsaq@gizmodo.com,Female,312-263-6713,58559 Monica Alley,23461,2,2022-11-23
388,Sharity,Sanderson,ssandersonar@smh.com.au,Female,136-157-4725,740 Westridge Avenue,02877,1,2022-11-17
389,Bernarr,Wallbanks,bwallbanksas@angelfire.com,Male,150-971-0179,48812 Spaight Center,08803,2,2022-11-11
390,Raffarty,Kobke,rkobkeat@businesswire.com,Male,105-468-3778,009 Valley Edge Plaza,74940,1,2022-11-19
391,Barclay,Trowbridge,btrowbridgeau@geocities.jp,Male,229-723-6415,16360 Crest Line Circle,14510,3,2022-11-27
392,Sammie,Dearle,sdearleav@cmu.edu,Genderqueer,785-733-4878,9 Anthes Circle,60473,1,2022-11-27
393,Eugenio,MacClure,emacclureaw@boston.com,Male,327-349-7348,6 Pawling Drive,33315,2,2022-11-17
394,Brocky,Teresi,bteresiax@columbia.edu,Male,142-809-7690,8 Victoria Point,04936,1,2022-11-18
395,Wald,Warton,wwartonay@mtv.com,Male,898-446-2750,50946 Dunning Avenue,99019,2,2022-11-19
396,Zachery,Howman,zhowmanaz@indiegogo.com,Genderqueer,337-747-2262,70697 Clyde Gallagher Plaza,04744,1,2022-11-14
397,Wit,Edelman,wedelmanb0@sfgate.com,Male,713-106-0166,2 Meadow Ridge Circle,48701,2,2022-11-08
398,Lenee,Lanfare,llanfareb1@friendfeed.com,Female,562-995-6942,3 Roth Pass,08212,1,2022-11-02
399,Hesther,Kenefick,hkenefickb2@ebay.co.uk,Female,241-891-1874,3318 Fair Oaks Avenue,34491,2,2022-11-17
400,Ram,Perotti,rperottib3@scribd.com,Male,970-813-1270,1 Mendota Road,56240,1,2022-11-13
401,Antin,Impy,aimpyb4@addtoany.com,Male,842-464-4934,20 Bobwhite Hill,33826,3,2022-12-01
402,Nina,Stealey,nstealeyb5@usda.gov,Female,669-467-0974,293 Dakota Place,62922,1,2022-11-27
403,Rowan,Denney,rdenneyb6@mapquest.com,Male,622-766-2016,34481 Beilfuss Parkway,72703,2,2022-11-01
404,Erin,McWilliams,emcwilliamsb7@google.ru,Male,113-475-2360,76 Basil Drive,54820,1,2022-11-24
405,Henrieta,Corstan,hcorstanb8@smugmug.com,Female,526-200-6774,6 Daystar Crossing,18413,2,2022-11-07
406,Arin,Alldis,aalldisb9@scribd.com,Male,721-185-9986,40167 Nobel Junction,95463,1,2022-11-12
407,Lewie,Kerwick,lkerwickba@w3.org,Male,600-737-1640,39584 Summerview Place,06093,2,2022-11-24
408,Barth,Cave,bcavebb@alibaba.com,Male,275-640-8939,5 Southridge Junction,68455,1,2022-11-14
409,Gaye,Orbine,gorbinebc@si.edu,Female,960-999-8657,275 Gateway Terrace,26621,2,2022-11-17
410,Lezley,Heeron,lheeronbd@yelp.com,Male,759-604-2427,57703 Westport Way,58267,1,2022-11-17
411,Phillis,Plaistowe,pplaistowebe@archive.org,Female,219-519-5460,90 Buell Court,41267,3,2022-11-02
412,Jessey,Roostan,jroostanbf@miibeian.gov.cn,Male,309-308-9152,92 Arizona Road,70146,1,2022-11-06
413,Andrej,Hayter,ahayterbg@sciencedirect.com,Male,486-186-0061,465 Eliot Avenue,74428,2,2022-11-08
414,Nelli,Scutter,nscutterbh@topsy.com,Female,661-727-2840,39396 Division Pass,74860,1,2022-11-25
415,Jeniece,Strutley,jstrutleybi@goodreads.com,Female,673-426-5300,30 Erie Park,17738,2,2022-11-23
416,Lilly,Behling,lbehlingbj@t-online.de,Female,209-128-4931,16 Tomscot Point,61956,1,2022-11-01
417,Milissent,Rowney,mrowneybk@istockphoto.com,Female,476-188-3381,8533 Crescent Oaks Point,67210,2,2022-11-21
418,Theressa,McCarl,tmccarlbl@youtu.be,Female,797-416-6741,161 Crest Line Avenue,08906,1,2022-11-07
419,Demetris,Yarnley,dyarnleybm@webs.com,Male,364-210-4066,03 Ridgeview Court,14647,2,2022-11-10
420,Rudolfo,Hyman,rhymanbn@discovery.com,Male,323-301-6111,8 Westerfield Hill,46563,1,2022-11-12
421,Otto,Bilsborrow,obilsborrowbo@amazon.com,Male,701-592-6263,7 Esch Court,10282,3,2022-11-17
422,Bunni,Goodfellowe,bgoodfellowebp@ed.gov,Female,214-301-4727,7596 John Wall Trail,41250,1,2022-12-01
423,Amelita,Hearmon,ahearmonbq@tinypic.com,Female,176-209-8629,9 Bayside Plaza,92418,2,2022-11-20
424,Fletcher,Senior,fseniorbr@dagondesign.com,Male,650-784-5808,17 Bay Center,10992,1,2022-11-10
425,Kahlil,Guichard,kguichardbs@sphinn.com,Male,459-185-5250,368 Heffernan Center,06265,2,2022-11-21
426,Olimpia,Kahler,okahlerbt@answers.com,Female,626-329-8563,760 Orin Road,07733,1,2022-11-04
427,Dawna,Britnell,dbritnellbu@hud.gov,Female,112-635-7973,693 Lillian Alley,10302,2,2022-11-07
428,Marya,Pickering,mpickeringbv@uol.com.br,Female,901-845-6090,9 Eastwood Park,07002,1,2022-11-10
429,Phylys,Tatersale,ptatersalebw@businessinsider.com,Female,372-592-5314,888 Kennedy Drive,92341,2,2022-11-02
430,Windham,Burgin,wburginbx@sbwire.com,Male,501-867-9213,08 Vahlen Place,76653,1,2022-12-01
431,Ikey,Geraudy,igeraudyby@columbia.edu,Male,104-751-2261,544 Eastwood Way,45382,3,2022-11-28
432,Juline,Sivell,jsivellbz@umich.edu,Genderqueer,985-509-0888,5 Ruskin Plaza,67567,1,2022-11-02
433,Jacquette,Dobbings,jdobbingsc0@live.com,Female,386-847-9091,0 Bellgrove Trail,72617,2,2022-11-02
434,Roy,Pavese,rpavesec1@ameblo.jp,Male,619-158-8956,5251 Talmadge Trail,84655,1,2022-11-25
435,Percival,Rowbury,prowburyc2@shutterfly.com,Male,302-996-3356,929 Dennis Trail,45312,2,2022-11-06
436,Arabel,Barstowk,abarstowkc3@paginegialle.it,Female,764-804-1706,1 Troy Circle,76009,1,2022-11-20
437,Wallace,Dickerline,wdickerlinec4@miibeian.gov.cn,Non-binary,317-556-5193,2647 Montana Court,15960,2,2022-11-02
438,Kit,Raine,krainec5@washingtonpost.com,Bigender,805-109-3833,041 1st Street,78044,1,2022-11-12
439,Hally,Rue,hruec6@hc360.com,Female,417-881-1061,7 Columbus Pass,70782,2,2022-11-24
440,Bobine,Allabush,ballabushc7@gizmodo.com,Female,391-520-8844,333 Jana Parkway,55939,1,2022-11-11
441,Lewes,Bardill,lbardillc8@oracle.com,Male,442-592-3021,309 Boyd Center,84107,3,2022-11-28
442,Roman,Stott,rstottc9@answers.com,Male,723-684-8008,8 Portage Center,43201,1,2022-11-26
443,Xena,Caslane,xcaslaneca@epa.gov,Female,672-963-9189,9 Clarendon Park,52747,2,2022-11-25
444,Arabele,Aylesbury,aaylesburycb@deviantart.com,Female,128-633-5515,5406 Vernon Center,80535,1,2022-11-11
445,Dannie,Scholz,dscholzcc@jimdo.com,Female,979-234-2066,2356 Superior Junction,23123,2,2022-11-16
446,Mirabella,Rowlett,mrowlettcd@loc.gov,Agender,712-182-8280,118 Arizona Point,67012,1,2022-12-01
447,Hobart,Seeviour,hseeviource@hugedomains.com,Male,394-232-8738,618 Emmet Way,13651,2,2022-11-04
448,Morna,Simison,msimisoncf@gnu.org,Female,488-654-1959,3923 Texas Parkway,13740,1,2022-11-24
449,Ansley,Chesney,achesneycg@tinypic.com,Agender,713-722-2149,2663 Kenwood Drive,68874,2,2022-11-01
450,Jinny,McElane,jmcelanech@mysql.com,Polygender,110-197-7041,41 Lakewood Gardens Road,66712,1,2022-11-29
451,Adeline,Leggin,alegginci@yellowpages.com,Female,291-537-3051,38 Meadow Vale Park,98613,3,2022-11-03
452,Bradney,Lay,blaycj@bloglovin.com,Male,679-635-0081,60 Kipling Center,47977,1,2022-11-11
453,Eddy,Dickins,edickinsck@ox.ac.uk,Male,757-395-4291,92970 Twin Pines Drive,50517,2,2022-11-29
454,Charmion,Piercey,cpierceycl@addtoany.com,Female,698-912-7386,9567 Dayton Alley,72571,1,2022-11-16
455,Lorry,Matis,lmatiscm@wp.com,Genderfluid,683-998-8568,39606 Arapahoe Park,77219,2,2022-11-23
456,Nestor,Jouannot,njouannotcn@mayoclinic.com,Male,370-383-6471,438 Bunting Circle,31034,1,2022-11-26
457,Flossy,Cutchie,fcutchieco@opera.com,Female,427-812-7498,78282 Bonner Hill,38611,2,2022-11-29
458,Kittie,Slemmonds,kslemmondscp@google.com.br,Female,195-467-1629,377 Mifflin Plaza,68142,1,2022-11-02
459,Aleda,Rubury,aruburycq@whitehouse.gov,Non-binary,590-214-3517,327 Kipling Way,57368,2,2022-11-03
460,Mason,Kingh,mkinghcr@huffingtonpost.com,Male,605-469-1121,64676 Dovetail Pass,54964,1,2022-11-05
461,Mei,Price,mpricecs@aboutads.info,Female,647-574-9302,56839 Reindahl Plaza,04626,3,2022-11-18
462,Cecilius,Woodward,cwoodwardct@bravesites.com,Male,278-339-4679,5321 Holmberg Plaza,93662,1,2022-11-07
463,Lindon,Methringham,lmethringhamcu@narod.ru,Male,926-259-5009,8708 Loomis Junction,08102,2,2022-11-28
464,Myron,Bartolommeo,mbartolommeocv@facebook.com,Male,881-653-5199,9104 Blackbird Pass,43736,1,2022-11-01
465,Faun,Heinert,fheinertcw@vkontakte.ru,Female,569-529-4568,980 Sherman Park,72086,2,2022-11-01
466,Eleonora,Knights,eknightscx@bandcamp.com,Female,205-142-4652,8091 Hoard Junction,85350,1,2022-11-29
467,Del,Gooddy,dgooddycy@reddit.com,Male,778-720-6338,37 Melrose Center,37336,2,2022-11-07
468,Mace,Celloni,mcellonicz@examiner.com,Male,770-754-2928,83791 Eliot Pass,02184,1,2022-11-28
469,Emmey,Coulter,ecoulterd0@trellian.com,Female,980-549-4483,3 Randy Crossing,64179,2,2022-11-27
470,Bev,Burt,bburtd1@icio.us,Male,715-300-9723,1315 Ridgeway Street,20004,1,2022-11-06
471,Percy,Wherry,pwherryd2@csmonitor.com,Male,233-566-5134,3 Hoepker Alley,56456,3,2022-11-01
472,Geri,Pendrill,gpendrilld3@paypal.com,Female,524-843-1008,6493 Prairieview Place,33764,1,2022-11-30
473,Fanchette,Karlik,fkarlikd4@tmall.com,Female,792-305-2384,5 Jenna Junction,55013,2,2022-11-28
474,Bob,Luckie,bluckied5@netlog.com,Male,870-344-9897,25234 Roth Center,25414,1,2022-11-12
475,Marlo,MacGuffie,mmacguffied6@bloomberg.com,Female,483-717-0846,29 Nelson Court,84143,2,2022-11-13
476,Malory,Balthasar,mbalthasard7@ustream.tv,Bigender,310-864-2721,7 Continental Drive,12922,1,2022-11-08
477,Gianna,Copper,gcopperd8@cyberchimps.com,Female,227-752-8030,45900 Northfield Place,51572,2,2022-11-30
478,Glenine,Ducker,gduckerd9@360.cn,Female,891-777-2485,76730 Ilene Junction,63801,1,2022-11-14
479,Sheridan,Bramich,sbramichda@oakley.com,Male,918-775-1407,04819 Corscot Parkway,72522,2,2022-11-02
480,Hannis,Dahlback,hdahlbackdb@tuttocitta.it,Female,891-465-3434,6752 Waxwing Pass,18211,1,2022-11-27
481,Obie,Dauby,odaubydc@youtu.be,Male,155-631-4463,584 Debs Center,30357,3,2022-11-04
482,Kliment,Varey,kvareydd@netlog.com,Male,352-756-5164,30412 Fulton Junction,43317,1,2022-11-23
483,Irv,Harley,iharleyde@wp.com,Male,456-695-0324,1315 Hanover Point,84664,2,2022-11-15
484,Erik,Cartner,ecartnerdf@parallels.com,Male,189-684-4302,736 Gale Center,30522,1,2022-11-15
485,Sig,Kingswood,skingswooddg@sakura.ne.jp,Male,879-868-4785,4990 Merchant Lane,19106,2,2022-11-03
486,Cariotta,Kryszkiecicz,ckryszkieciczdh@marketwatch.com,Genderqueer,545-153-5146,951 Boyd Place,33664,1,2022-11-03
487,Clifford,Ben,cbendi@hp.com,Male,838-944-0517,74796 Nancy Circle,30364,2,2022-11-20
488,Theodor,Schrir,tschrirdj@ed.gov,Male,610-608-5189,1198 Golf View Terrace,75939,1,2022-11-15
489,Haleigh,De Coursey,hdecourseydk@timesonline.co.uk,Genderqueer,394-934-7365,75 Pearson Park,12502,2,2022-11-06
490,Aluin,Cholton,acholtondl@reddit.com,Male,305-467-8099,5517 Commercial Junction,10552,1,2022-11-05
491,Iolanthe,Winfield,iwinfielddm@psu.edu,Female,240-198-1956,94 Pleasure Plaza,51653,3,2022-11-25
492,Iona,Byres,ibyresdn@upenn.edu,Female,331-580-0779,2186 Elka Drive,27923,1,2022-11-07
493,Dexter,Border,dborderdo@patch.com,Male,382-918-3274,3 Waywood Plaza,02637,2,2022-11-10
494,Tessi,Walter,twalterdp@loc.gov,Female,615-265-2478,998 Division Terrace,40744,1,2022-11-27
495,Stanly,Jammet,sjammetdq@hostgator.com,Male,213-224-9982,52 Susan Plaza,20824,2,2022-11-17
496,Cosmo,Kytley,ckytleydr@symantec.com,Male,283-716-1674,31299 Columbus Street,97079,1,2022-11-16
497,Caril,Keays,ckeaysds@omniture.com,Female,194-554-1387,7 Thierer Park,29635,2,2022-11-13
498,Maressa,McMeyler,mmcmeylerdt@netlog.com,Female,486-763-0493,6 Village Green Plaza,56177,1,2022-11-26
499,Laural,Bruyns,lbruynsdu@aol.com,Female,891-936-5546,24 Little Fleur Parkway,13072,2,2022-11-30
500,Claiborne,Colebourne,ccolebournedv@answers.com,Bigender,504-171-5941,73908 Memorial Trail,74078,1,2022-11-05
501,Christean,Topley,ctopleydw@pen.io,Agender,114-397-2266,1 Gina Lane,96785,3,2022-11-04
502,Marlane,Eliaz,meliazdx@unblog.fr,Female,498-775-9226,89 Bultman Point,59635,1,2022-11-03
503,Maximilian,Marking,mmarkingdy@bizjournals.com,Male,872-948-2830,82492 Gale Alley,14205,2,2022-11-11
504,Tracee,Betty,tbettydz@exblog.jp,Female,415-133-1048,543 3rd Place,80909,1,2022-11-28
505,Vivyan,Brimming,vbrimminge0@blogspot.com,Female,385-795-1831,2142 Emmet Place,58737,2,2022-11-26
506,Dewitt,MacGinley,dmacginleye1@plala.or.jp,Male,572-682-0748,6384 Dahle Circle,24413,1,2022-11-06
507,Mindy,Vedikhov,mvedikhove2@ted.com,Female,566-946-5012,525 Burrows Alley,57472,2,2022-11-17
508,Hope,Smowton,hsmowtone3@oaic.gov.au,Female,397-249-4573,7054 Pond Trail,40170,1,2022-11-06
509,Asia,Libermore,alibermoree4@ebay.com,Female,491-622-8485,06899 Hollow Ridge Alley,08561,2,2022-11-23
510,Yorgos,Patsall,ypatsalle5@deliciousdays.com,Bigender,690-362-9518,1108 Vera Terrace,15748,1,2022-11-20
511,Temp,Coppo,tcoppoe6@scribd.com,Male,907-493-6399,88 Vahlen Plaza,44191,3,2022-11-02
512,Gloriana,Livingston,glivingstone7@umn.edu,Female,165-456-5681,76 Cambridge Center,80740,1,2022-11-09
513,Trescha,Grishelyov,tgrishelyove8@elpais.com,Female,286-412-0871,33074 Transport Pass,27620,2,2022-11-08
514,Ferdinand,Bamlett,fbamlette9@independent.co.uk,Male,105-506-2128,86380 Ridgeview Point,56329,1,2022-11-02
515,Leopold,Braime,lbraimeea@tamu.edu,Male,608-506-5004,4 Ridge Oak Avenue,39701,2,2022-11-08
516,Guido,Aldcorn,galdcorneb@livejournal.com,Male,963-415-1377,0570 Sheridan Avenue,70122,1,2022-11-10
517,Jesse,Dungay,jdungayec@surveymonkey.com,Male,540-834-1065,7994 Susan Park,02891,2,2022-11-17
518,Damita,Piel,dpieled@ca.gov,Female,887-363-7617,7 Hansons Center,62476,1,2022-11-10
519,Artemis,Swales,aswalesee@ezinearticles.com,Male,747-471-3161,1517 Jay Center,19065,2,2022-11-22
520,Bell,Wraighte,bwraighteef@msn.com,Female,824-199-2090,3807 Reinke Circle,95422,1,2022-11-11
521,Robinia,Blowne,rblowneeg@jugem.jp,Genderqueer,219-399-3075,7 Hermina Center,62966,3,2022-11-02
522,Waylin,Doorbar,wdoorbareh@behance.net,Male,416-113-7087,61971 Heffernan Street,54527,1,2022-11-03
523,Brandie,Moxham,bmoxhamei@netlog.com,Female,216-734-0307,2720 Bellgrove Court,14516,2,2022-11-02
524,Valina,Letson,vletsonej@odnoklassniki.ru,Agender,922-583-8713,39737 Darwin Crossing,10119,1,2022-11-08
525,Alyson,Lemanu,alemanuek@digg.com,Female,240-974-6824,27768 Veith Court,27217,2,2022-11-20
526,Cosimo,Rennie,crennieel@infoseek.co.jp,Male,272-735-0944,15456 Stoughton Hill,46923,1,2022-11-04
527,Jere,Duckham,jduckhamem@home.pl,Female,297-395-9096,60904 Forest Dale Street,68313,2,2022-11-12
528,Misti,Simonini,msimoninien@blogs.com,Female,240-993-1659,66779 Pierstorff Circle,65330,1,2022-11-19
529,Delia,Mabbe,dmabbeeo@xinhuanet.com,Female,988-209-3592,70 Gerald Terrace,71801,2,2022-11-10
530,Aurlie,Annies,aanniesep@apache.org,Female,283-852-2906,6717 Hanover Circle,30031,1,2022-11-01
531,Cybill,O'Clery,cocleryeq@amazon.co.jp,Female,120-481-4947,696 Cascade Place,30163,3,2022-11-23
532,Nicola,Gwyneth,ngwynether@oracle.com,Female,856-861-6891,4 Cottonwood Alley,23127,1,2022-11-11
533,Rebeca,Kurton,rkurtones@bbc.co.uk,Female,613-253-9411,49 Fair Oaks Terrace,34608,2,2022-11-19
534,Tildie,Skillitt,tskillittet@so-net.ne.jp,Female,732-162-8825,11 Lien Street,14131,1,2022-11-07
535,Sophronia,Melvin,smelvineu@redcross.org,Female,343-396-9788,32 Gale Place,83253,2,2022-11-20
536,Collen,Sherratt,csherrattev@umn.edu,Female,340-729-3300,5 Marquette Plaza,77250,1,2022-11-27
537,Stanislaw,Martine,smartineew@dedecms.com,Male,543-590-4025,189 Northfield Lane,78737,2,2022-11-08
538,Buddie,Gerretsen,bgerretsenex@reference.com,Male,853-685-0325,731 Logan Hill,14804,1,2022-11-12
539,Ddene,Arnault,darnaultey@cdbaby.com,Female,626-479-2492,7868 Moulton Pass,59922,2,2022-11-25
540,Stevy,Paver,spaverez@vkontakte.ru,Male,607-455-9091,144 Grover Circle,42566,1,2022-11-13
541,Abbe,Loughnan,aloughnanf0@spotify.com,Female,252-342-0787,247 Quincy Alley,53102,3,2022-11-02
542,Bradley,O'Dare,bodaref1@china.com.cn,Male,454-528-2842,56 Express Road,74578,1,2022-11-25
543,Penny,Jaqueminet,pjaqueminetf2@auda.org.au,Male,722-719-1782,96868 Springview Pass,71153,2,2022-11-07
544,Randi,Watman,rwatmanf3@1688.com,Male,467-301-4600,3 Fremont Trail,33844,1,2022-11-26
545,Jerrilee,Egdal,jegdalf4@ezinearticles.com,Female,745-361-1429,81 Knutson Court,93562,2,2022-11-04
546,Mickie,Michelet,mmicheletf5@acquirethisname.com,Male,402-950-2679,6 Sullivan Point,14550,1,2022-11-24
547,Valentijn,Standidge,vstandidgef6@networkadvertising.org,Male,122-994-6528,280 Elka Place,33976,2,2022-11-28
548,Cayla,Kirman,ckirmanf7@ed.gov,Female,855-575-6933,223 Northview Street,36868,1,2022-11-10
549,Ardath,Terris,aterrisf8@sbwire.com,Female,554-768-9565,7734 Quincy Junction,71373,2,2022-11-02
550,Annalee,Prest,aprestf9@wisc.edu,Female,358-279-7642,7974 Farwell Plaza,07961,1,2022-11-19
551,Antonie,Vakhrushin,avakhrushinfa@oaic.gov.au,Female,165-690-4516,8586 Donald Street,46508,3,2022-11-11
552,Wilek,Perryn,wperrynfb@go.com,Male,507-620-7790,1499 Hintze Trail,87504,1,2022-11-04
553,Dinah,Docharty,ddochartyfc@uol.com.br,Non-binary,361-356-5156,641 Eagle Crest Hill,68101,2,2022-11-18
554,Valentijn,Cowp,vcowpfd@mlb.com,Male,330-787-8022,1 Hazelcrest Junction,58779,1,2022-11-16
555,Jaquenette,Grigorushkin,jgrigorushkinfe@gmpg.org,Female,474-701-2542,2873 Messerschmidt Parkway,33780,2,2022-11-20
556,Isidor,Fleisch,ifleischff@google.co.jp,Genderqueer,356-849-9141,19 Lakewood Circle,19962,1,2022-11-16
557,Gualterio,Valintine,gvalintinefg@themeforest.net,Genderfluid,783-111-1744,72424 Raven Hill,19885,2,2022-11-23
558,Winne,Clell,wclellfh@nationalgeographic.com,Female,736-563-4389,3025 Union Alley,07422,1,2022-11-20
559,Christophorus,Wraith,cwraithfi@senate.gov,Male,717-831-3963,0087 Cottonwood Hill,89412,2,2022-11-26
560,Dionysus,Devers,ddeversfj@senate.gov,Male,393-148-7015,0521 Susan Alley,52162,1,2022-11-21
561,Raddy,Lissandre,rlissandrefk@hp.com,Male,993-488-9291,9195 Barby Crossing,74957,3,2022-11-27
562,Sydney,Singleton,ssingletonfl@businessweek.com,Male,614-225-5679,455 Katie Point,40216,1,2022-11-28
563,Germayne,Cobelli,gcobellifm@weather.com,Male,746-323-3477,1957 Del Sol Court,14823,2,2022-11-24
564,Ulrike,Daveren,udaverenfn@geocities.jp,Female,654-407-6260,2532 Luster Point,37727,1,2022-11-14
565,Malchy,Pollins,mpollinsfo@ezinearticles.com,Male,605-128-0567,0953 North Way,13733,2,2022-11-24
566,Cherianne,Aleksic,caleksicfp@newyorker.com,Female,777-289-1807,7983 Magdeline Park,65074,1,2022-11-20
567,Nola,Beckitt,nbeckittfq@ning.com,Female,810-961-8127,832 Schiller Junction,87461,2,2022-11-11
568,Morly,De Cruze,mdecruzefr@aol.com,Male,669-896-1457,7428 Roth Avenue,26436,1,2022-11-15
569,Alasteir,Gabriely,agabrielyfs@wikipedia.org,Male,738-866-2734,67 Gerald Lane,62294,2,2022-11-13
570,Farlie,Forton,ffortonft@parallels.com,Male,182-923-3625,90537 Novick Circle,15857,1,2022-11-29
571,Annabelle,Frostick,afrostickfu@aol.com,Female,533-143-3439,855 Knutson Circle,29081,3,2022-11-01
572,Evvy,Dorset,edorsetfv@nydailynews.com,Female,304-420-3288,1 Monterey Trail,58223,1,2022-11-18
573,Wynn,Fowell,wfowellfw@ibm.com,Male,179-868-3833,95878 Scott Trail,44515,2,2022-11-17
574,Caressa,McMorran,cmcmorranfx@adobe.com,Female,526-183-7898,123 Dayton Point,44114,1,2022-11-30
575,Deane,Eliesco,deliescofy@qq.com,Female,373-176-6902,445 Sunbrook Trail,28032,2,2022-11-24
576,Editha,Raleston,eralestonfz@thetimes.co.uk,Female,402-693-2130,695 Spenser Court,53957,1,2022-11-12
577,Lawrence,Puxley,lpuxleyg0@discuz.net,Non-binary,257-126-3136,9831 Stephen Point,85277,2,2022-11-11
578,Moselle,Trigg,mtriggg1@sogou.com,Female,694-263-7144,02 Northview Crossing,86020,1,2022-11-19
579,Sheelagh,O' Connell,soconnellg2@mozilla.org,Female,669-386-7006,55 Ridgeview Center,92168,2,2022-11-19
580,Rabi,Swainson,rswainsong3@github.io,Male,575-661-5625,9574 Arizona Lane,56580,1,2022-11-19
581,Jaynell,Alwell,jalwellg4@yandex.ru,Female,569-144-2673,88 Kensington Lane,55119,3,2022-11-11
582,Wildon,Iuorio,wiuoriog5@1688.com,Male,135-332-8137,5 Arrowood Drive,26447,1,2022-11-23
583,Percy,Dewan,pdewang6@istockphoto.com,Male,391-854-9213,93452 Loomis Terrace,26203,2,2022-11-26
584,Teena,Culcheth,tculchethg7@wunderground.com,Female,440-436-9427,23 Swallow Avenue,78203,1,2022-11-18
585,Marlo,Hendricks,mhendricksg8@aol.com,Female,655-837-5785,257 Sugar Hill,23668,2,2022-11-18
586,Thornton,Vanstone,tvanstoneg9@squidoo.com,Male,683-510-8151,00931 Karstens Park,19725,1,2022-11-19
587,Rivy,Millmore,rmillmorega@edublogs.org,Female,502-353-6468,750 Superior Drive,41025,2,2022-11-08
588,Selene,Leatt,sleattgb@biblegateway.com,Non-binary,203-521-9398,46 Dryden Road,29135,1,2022-11-20
589,Olvan,Fearnill,ofearnillgc@toplist.cz,Male,865-616-4179,6631 Lakewood Gardens Road,54458,2,2022-11-27
590,Ada,Meynell,ameynellgd@nifty.com,Female,774-446-3715,7256 Green Drive,18053,1,2022-11-05
591,Conrade,McCrudden,cmccruddenge@oaic.gov.au,Male,686-808-5265,62 Michigan Avenue,42440,3,2022-11-09
592,Roderich,Ickovitz,rickovitzgf@samsung.com,Male,662-241-9445,802 Grim Hill,97020,1,2022-11-04
593,Belicia,Dawton,bdawtongg@xinhuanet.com,Female,417-112-9955,3560 Loomis Terrace,40380,2,2022-12-01
594,Rhiamon,Exrol,rexrolgh@engadget.com,Female,508-461-1751,08 Almo Point,12928,1,2022-11-17
595,Mariejeanne,Gligoraci,mgligoracigi@umn.edu,Polygender,422-607-7251,91 International Circle,33111,2,2022-11-04
596,Ignacio,Dinse,idinsegj@uiuc.edu,Male,946-979-0224,4594 Kropf Lane,51025,1,2022-11-04
597,Manya,Bizzey,mbizzeygk@nydailynews.com,Female,755-582-7705,850 Ilene Point,44859,2,2022-11-25
598,Markus,Inglesent,minglesentgl@1und1.de,Male,751-676-9887,4 Columbus Terrace,06011,1,2022-11-23
599,Edi,Tankus,etankusgm@bloglines.com,Female,683-922-2936,25369 Oak Valley Court,67122,2,2022-11-14
600,Cathi,Miguet,cmiguetgn@cbslocal.com,Female,540-743-4230,5514 Oak Valley Alley,64053,1,2022-11-29
601,Edmund,Pybus,epybusgo@twitpic.com,Male,131-607-7820,555 Kennedy Alley,40402,3,2022-11-22
602,Joanie,Carr,jcarrgp@baidu.com,Female,480-647-3245,755 Miller Park,24572,1,2022-11-24
603,Rosetta,Grouse,rgrousegq@census.gov,Genderfluid,351-272-3080,752 Coolidge Drive,69038,2,2022-11-26
604,Tiertza,Hadeke,thadekegr@china.com.cn,Agender,815-844-1695,0 Killdeer Point,72120,1,2022-11-03
605,Saxe,Reinbeck,sreinbeckgs@so-net.ne.jp,Male,558-372-1189,4 Veith Park,52804,2,2022-11-12
606,Dulsea,Kubacki,dkubackigt@technorati.com,Bigender,970-360-0141,9595 Mitchell Circle,62023,1,2022-11-04
607,Rosemarie,Dawidowitsch,rdawidowitschgu@narod.ru,Female,268-865-5680,858 Sachs Terrace,42519,2,2022-11-16
608,Bettine,Culter,bcultergv@howstuffworks.com,Female,584-783-9286,3 North Trail,39367,1,2022-12-01
609,Carmella,Brookshaw,cbrookshawgw@eventbrite.com,Non-binary,468-228-9744,154 Loeprich Road,50248,2,2022-11-06
610,Devonna,Quakley,dquakleygx@wunderground.com,Female,772-731-7309,482 3rd Trail,68653,1,2022-11-26
611,Tremaine,Bough,tboughgy@constantcontact.com,Male,475-942-0299,4 Declaration Parkway,33190,3,2022-11-29
612,Ethel,Fills,efillsgz@symantec.com,Female,196-778-6257,37 Sutteridge Circle,45110,1,2022-11-21
613,Kristien,Delouch,kdelouchh0@scientificamerican.com,Female,987-798-8699,84 Burrows Point,12910,2,2022-11-22
614,Germana,Benoist,gbenoisth1@google.cn,Non-binary,978-887-5126,8979 Arizona Center,23836,1,2022-11-20
615,Franz,Broadley,fbroadleyh2@newyorker.com,Male,750-476-9366,34398 Kennedy Plaza,35677,2,2022-11-07
616,Tony,Churchward,tchurchwardh3@apple.com,Male,652-651-0384,7288 Kings Court,59341,1,2022-11-03
617,Karlik,Dinesen,kdinesenh4@deviantart.com,Male,146-246-9541,4469 Scoville Terrace,79601,2,2022-11-13
618,Tobias,Radoux,tradouxh5@cnet.com,Agender,962-555-4942,95432 Lindbergh Parkway,59069,1,2022-11-25
619,Valentino,Blincowe,vblincoweh6@globo.com,Male,940-302-9860,0 Mcguire Crossing,15339,2,2022-11-02
620,Cristy,Mullard,cmullardh7@livejournal.com,Female,307-905-6204,2 Walton Street,66953,1,2022-12-01
621,Gallard,Billing,gbillingh8@alibaba.com,Male,665-909-7124,4341 Emmet Plaza,92164,3,2022-11-24
622,Stefa,Zanni,szannih9@reuters.com,Female,946-656-9179,149 Lakewood Gardens Parkway,40808,1,2022-11-16
623,Bunnie,Pagitt,bpagittha@statcounter.com,Female,764-588-1308,88 Southridge Crossing,15329,2,2022-11-11
624,Chevalier,Currm,ccurrmhb@mayoclinic.com,Male,709-277-4872,96 Lindbergh Circle,55337,1,2022-11-27
625,Inglis,Kemmons,ikemmonshc@ycombinator.com,Male,979-444-7467,51949 Jenifer Parkway,38877,2,2022-11-25
626,Saundra,Ruffler,srufflerhd@google.com.br,Female,764-176-6569,60 Spaight Junction,23005,1,2022-11-18
627,Tamarah,MacDonald,tmacdonaldhe@netscape.com,Female,826-426-0223,55082 Arrowood Point,80225,2,2022-11-07
628,Manuel,Castrillo,mcastrillohf@gravatar.com,Male,513-577-1634,43 Dwight Alley,65688,1,2022-11-05
629,Inigo,Pitsall,ipitsallhg@altervista.org,Non-binary,262-784-3536,5469 Manitowish Terrace,56450,2,2022-11-14
630,Delly,Markus,dmarkushh@alexa.com,Female,355-752-7160,50 Burning Wood Crossing,20910,1,2022-11-17
631,Shana,Tong,stonghi@alexa.com,Female,845-471-5206,7 Crowley Place,85748,3,2022-11-04
632,Garrek,Bredee,gbredeehj@domainmarket.com,Male,728-375-0049,5 Florence Drive,67132,1,2022-11-11
633,Mateo,Fidian,mfidianhk@posterous.com,Male,802-415-4772,48647 Nevada Street,97133,2,2022-11-10
634,Robina,Rassmann,rrassmannhl@aboutads.info,Female,878-182-6288,14003 Sunfield Way,25330,1,2022-11-08
635,Ophelie,Putterill,oputterillhm@qq.com,Female,796-572-6591,2283 Marquette Trail,95369,2,2022-11-20
636,Georgina,Riggeard,griggeardhn@cnbc.com,Female,141-391-1780,72 Tennessee Lane,14518,1,2022-11-10
637,Tonia,Gladyer,tgladyerho@nyu.edu,Female,892-348-1226,152 Upham Crossing,94122,2,2022-11-18
638,Devin,Gale,dgalehp@cdbaby.com,Male,938-367-8103,8801 Little Fleur Parkway,34217,1,2022-11-28
639,Hamish,Guyot,hguyothq@sfgate.com,Male,217-803-5202,435 Charing Cross Park,22733,2,2022-11-19
640,Yelena,Edwards,yedwardshr@joomla.org,Female,269-364-6909,1 Warrior Plaza,44504,1,2022-11-15
641,Hagen,O'Suaird,hosuairdhs@prlog.org,Male,263-610-3289,98 Bay Plaza,13154,3,2022-11-04
642,Letisha,Nias,lniasht@army.mil,Female,166-801-7309,3353 Katie Plaza,85629,1,2022-11-03
643,Brietta,Headings,bheadingshu@irs.gov,Female,228-829-6976,91 Buena Vista Center,33809,2,2022-11-07
644,Lynsey,Weippert,lweipperthv@topsy.com,Female,794-100-8502,76969 Straubel Court,12016,1,2022-11-07
645,Cal,Fowells,cfowellshw@businessinsider.com,Male,863-135-6299,19788 Annamark Pass,38069,2,2022-11-19
646,Bryan,Ockendon,bockendonhx@princeton.edu,Male,419-174-1658,13 South Pass,16249,1,2022-11-17
647,Bronnie,Caramuscia,bcaramusciahy@facebook.com,Male,483-694-5631,05408 Utah Avenue,63956,2,2022-11-15
648,Teddy,Barette,tbarettehz@ameblo.jp,Male,698-428-0931,2103 Merry Pass,17056,1,2022-11-26
649,Wandie,Royal,wroyali0@elegantthemes.com,Polygender,861-463-8528,16 Drewry Plaza,10502,2,2022-11-08
650,Ingaborg,Goldman,igoldmani1@paypal.com,Female,493-399-8042,50444 Badeau Point,33336,1,2022-11-17
651,Isaiah,Clerc,iclerci2@jugem.jp,Male,659-205-0056,6807 Hovde Terrace,56166,3,2022-11-03
652,Rafaellle,Cromly,rcromlyi3@pagesperso-orange.fr,Male,361-966-3781,075 Graceland Way,44882,1,2022-11-12
653,Cleveland,Barsby,cbarsbyi4@yolasite.com,Male,797-362-6007,70163 Welch Plaza,19892,2,2022-11-28
654,Lydon,Viccars,lviccarsi5@omniture.com,Non-binary,328-459-5021,7851 Westport Road,32439,1,2022-11-02
655,Aldrich,Stodd,astoddi6@a8.net,Male,807-975-3544,193 Union Lane,35071,2,2022-11-03
656,Yettie,Savaage,ysavaagei7@cdbaby.com,Female,760-991-6405,701 Portage Parkway,60160,1,2022-11-04
657,Otha,Kubes,okubesi8@goo.gl,Female,334-611-7917,0623 Elgar Place,62347,2,2022-11-15
658,Auguste,Paz,apazi9@xing.com,Female,402-879-9424,43479 Crowley Junction,29504,1,2022-11-17
659,Robin,Simonett,rsimonettia@adobe.com,Female,659-435-4068,6 Redwing Avenue,35971,2,2022-11-11
660,Colas,Lehrian,clehrianib@g.co,Male,388-757-4660,89337 Gerald Alley,36601,1,2022-11-11
661,Borg,Colten,bcoltenic@technorati.com,Male,168-932-1101,911 Lerdahl Alley,54758,3,2022-11-03
662,Gayler,Cleaton,gcleatonid@msn.com,Male,362-204-7571,8826 Vera Point,55354,1,2022-11-20
663,Ricky,Woollaston,rwoollastonie@columbia.edu,Female,129-823-2341,36 Hoard Park,19143,2,2022-11-24
664,Silvana,Roscher,sroscherif@spotify.com,Female,393-213-6939,2269 Scoville Circle,33421,1,2022-11-15
665,Harriot,Luety,hluetyig@weebly.com,Female,214-438-6620,3966 Lukken Pass,48551,2,2022-11-10
666,Fredek,Hillburn,fhillburnih@gmpg.org,Male,752-897-6823,331 Spohn Junction,65725,1,2022-11-12
667,Geordie,Frith,gfrithii@japanpost.jp,Male,905-886-5405,64733 Cardinal Trail,50029,2,2022-11-08
668,Cindelyn,Craiker,ccraikerij@xinhuanet.com,Polygender,887-965-5193,4327 Delladonna Circle,77277,1,2022-11-20
669,Happy,Scrine,hscrineik@booking.com,Genderqueer,845-364-4663,1 Pearson Way,08844,2,2022-11-08
670,Marylin,Fozzard,mfozzardil@list-manage.com,Female,896-456-5618,0 Division Pass,37388,1,2022-11-23
671,Wittie,Nickless,wnicklessim@weibo.com,Male,412-417-5858,19 Hintze Drive,71226,3,2022-11-30
672,Claudine,Synnot,csynnotin@constantcontact.com,Female,688-561-2891,51 Shoshone Lane,76140,1,2022-11-21
673,Aurelie,Boniface,abonifaceio@themeforest.net,Female,520-638-8694,35691 Pine View Circle,96040,2,2022-11-01
674,Caye,Vannuccinii,cvannucciniiip@g.co,Female,471-644-4632,0 Bultman Place,27853,1,2022-11-15
675,Windham,Sambidge,wsambidgeiq@jiathis.com,Male,119-949-2054,32 Thackeray Center,02742,2,2022-11-20
676,Lorrie,Grigoletti,lgrigolettiir@addthis.com,Male,640-434-1792,61 Haas Point,52316,1,2022-11-23
677,Kelly,Rodman,krodmanis@jiathis.com,Male,565-823-1029,1 Warbler Drive,79917,2,2022-11-18
678,Ransell,Stallan,rstallanit@nasa.gov,Male,673-952-2533,2 Mcguire Road,07865,1,2022-11-15
679,Lovell,Bergstrand,lbergstrandiu@instagram.com,Male,619-656-4644,948 Moland Point,90095,2,2022-11-14
680,Thaine,Taffarello,ttaffarelloiv@digg.com,Male,868-568-4286,4 Grim Drive,62827,1,2022-11-30
681,Maurine,Jime,mjimeiw@go.com,Female,407-652-3583,81 Havey Parkway,65679,3,2022-11-29
682,Giacopo,Domone,gdomoneix@com.com,Male,484-554-7676,88404 Colorado Way,92118,1,2022-11-02
683,Royce,Mallabone,rmallaboneiy@google.com.br,Male,548-866-9026,18 Leroy Park,15633,2,2022-11-22
684,Maurizia,Thor,mthoriz@angelfire.com,Female,976-697-3838,741 Redwing Park,48226,1,2022-11-17
685,Madelle,Lewins,mlewinsj0@exblog.jp,Female,931-933-0264,7 Acker Road,92315,2,2022-11-27
686,Louise,Blucher,lblucherj1@tiny.cc,Female,707-521-1306,4603 Fisk Court,38768,1,2022-11-25
687,Berny,Jandl,bjandlj2@vkontakte.ru,Male,741-592-6927,19 Macpherson Pass,74936,2,2022-11-03
688,Phip,Taggett,ptaggettj3@timesonline.co.uk,Male,893-609-3755,186 Trailsway Lane,52701,1,2022-11-29
689,Kaja,Flade,kfladej4@biblegateway.com,Female,415-814-4370,8 Dayton Way,75928,2,2022-11-27
690,Keene,Di Pietro,kdipietroj5@oakley.com,Male,375-974-0144,055 North Court,79718,1,2022-11-19
691,Bing,Gorden,bgordenj6@twitpic.com,Male,779-234-9692,6 Bobwhite Court,36008,3,2022-11-24
692,Olivier,Holtaway,oholtawayj7@wisc.edu,Male,200-376-6634,91544 Fairfield Point,15018,1,2022-11-03
693,Axel,Handasyde,ahandasydej8@latimes.com,Male,456-762-5744,34058 Northland Hill,84633,2,2022-11-06
694,Tim,Gimlet,tgimletj9@marketwatch.com,Male,319-564-1548,67837 Atwood Avenue,06123,1,2022-11-26
695,Emerson,Ceaplen,eceaplenja@yellowbook.com,Male,280-762-2506,3005 Iowa Park,72545,2,2022-11-29
696,Misha,Porter,mporterjb@comsenz.com,Female,461-978-6050,06768 Towne Way,95919,1,2022-11-01
697,Jean,Pinwill,jpinwilljc@sciencedaily.com,Male,480-886-0981,6910 Dorton Point,19554,2,2022-11-05
698,Ivor,Byas,ibyasjd@nature.com,Male,822-355-5005,70561 Ludington Hill,46229,1,2022-11-09
699,Laryssa,Oughtright,loughtrightje@gmpg.org,Female,575-645-9556,038 Main Alley,47370,2,2022-12-01
700,Karlotte,Moyer,kmoyerjf@hp.com,Female,977-638-1091,78 Twin Pines Terrace,33002,1,2022-11-21
701,Sinclair,Kneath,skneathjg@freewebs.com,Male,111-396-8988,93 Nobel Center,19406,3,2022-11-16
702,Aurelea,Donett,adonettjh@exblog.jp,Female,798-416-5371,83 Buena Vista Trail,89705,1,2022-11-28
703,Bebe,Choffin,bchoffinji@trellian.com,Genderfluid,765-641-0409,74 Hudson Way,17035,2,2022-11-13
704,Muffin,Twelves,mtwelvesjj@chicagotribune.com,Male,166-669-7064,73934 Laurel Park,14120,1,2022-11-11
705,Agneta,Torald,atoraldjk@google.com.br,Female,291-642-3279,16216 Service Alley,16438,2,2022-11-22
706,Fairlie,Royse,froysejl@tumblr.com,Male,599-232-3955,99957 Oneill Place,49871,1,2022-11-19
707,Dorie,Devereux,ddevereuxjm@desdev.cn,Female,631-555-0533,2591 Ronald Regan Terrace,98240,2,2022-11-18
708,Denys,Ryal,dryaljn@seesaa.net,Male,910-909-3398,738 Morning Way,99208,1,2022-11-05
709,Marylynne,Annable,mannablejo@shutterfly.com,Female,552-644-5746,6 Debs Alley,62712,2,2022-11-19
710,Hilario,Sarvar,hsarvarjp@lycos.com,Male,739-137-4146,93 Dawn Plaza,37616,1,2022-11-24
711,Conant,Pietruschka,cpietruschkajq@networksolutions.com,Male,362-211-9789,73 Beilfuss Drive,54541,3,2022-11-25
712,Eldon,Roulston,eroulstonjr@bbc.co.uk,Male,809-890-4389,06 Burrows Circle,19113,1,2022-11-21
713,Alicia,Napoleon,anapoleonjs@clickbank.net,Female,642-317-8713,99 Knutson Street,54408,2,2022-11-30
714,Flory,Gyrgorwicx,fgyrgorwicxjt@clickbank.net,Male,404-216-3582,6 Darwin Hill,13321,1,2022-11-08
715,Aarika,Gilson,agilsonju@chronoengine.com,Female,450-862-4187,3 Londonderry Hill,25722,2,2022-11-07
716,Amity,Pettko,apettkojv@skype.com,Female,563-436-1335,3929 Heffernan Place,45684,1,2022-11-24
717,Dorella,Gresswell,dgresswelljw@apache.org,Female,839-781-2430,3174 Declaration Crossing,93311,2,2022-11-07
718,Aldridge,Gulland,agullandjx@dropbox.com,Male,987-884-1389,3 Morningstar Parkway,15069,1,2022-11-11
719,Linzy,Milch,lmilchjy@forbes.com,Female,474-204-6892,9238 Bartelt Center,78741,2,2022-11-17
720,Hadleigh,Tatlowe,htatlowejz@istockphoto.com,Bigender,478-760-1940,54 Esch Drive,41183,1,2022-11-09
721,Eugenia,Dupoy,edupoyk0@newsvine.com,Female,917-638-6722,60 2nd Street,27030,3,2022-11-19
722,Peadar,Karus,pkarusk1@theatlantic.com,Male,169-604-5850,52194 Thompson Junction,60534,1,2022-11-06
723,Dahlia,Yeude,dyeudek2@blogspot.com,Female,696-808-7522,8 Michigan Park,31013,2,2022-11-09
724,Perri,Attersoll,pattersollk3@virginia.edu,Female,322-951-1040,647 Hauk Hill,31566,1,2022-11-13
725,Raff,Le Galle,rlegallek4@cam.ac.uk,Male,348-206-2825,575 Towne Pass,83333,2,2022-12-01
726,Tiffy,Schapiro,tschapirok5@vk.com,Female,799-227-5645,695 Everett Plaza,53407,1,2022-11-30
727,Alexei,Clack,aclackk6@barnesandnoble.com,Male,156-893-1527,8591 Tennessee Alley,53560,2,2022-11-12
728,Viole,Pill,vpillk7@va.gov,Female,413-820-1148,115 Mifflin Drive,33417,1,2022-11-21
729,Merissa,Sliney,mslineyk8@infoseek.co.jp,Female,311-925-4824,1 Anhalt Way,40205,2,2022-11-06
730,Olin,Evequot,oevequotk9@shareasale.com,Male,108-355-6864,1870 Loftsgordon Way,72544,1,2022-11-08
731,Gustie,Klewer,gklewerka@blogspot.com,Polygender,934-272-9998,10497 Anzinger Court,78119,3,2022-11-08
732,Dudley,Fulcher,dfulcherkb@apple.com,Male,496-801-5040,36 Scott Parkway,62611,1,2022-11-23
733,Chicky,Grimsdike,cgrimsdikekc@deviantart.com,Male,853-613-2025,7 Pine View Center,95935,2,2022-11-28
734,Camila,Couldwell,ccouldwellkd@imageshack.us,Female,221-639-6881,0 Hoffman Street,65438,1,2022-11-16
735,Andy,Burgan,aburganke@uol.com.br,Male,755-497-1756,002 Ridge Oak Road,67654,2,2022-11-05
736,Dorothea,Pawelski,dpawelskikf@zdnet.com,Genderfluid,512-973-2368,6639 Hoard Crossing,37101,1,2022-11-17
737,Linda,Perrie,lperriekg@nytimes.com,Female,366-449-8687,40957 Mockingbird Court,27055,2,2022-11-20
738,Tally,Beart,tbeartkh@about.me,Male,787-521-8003,27 Riverside Avenue,62243,1,2022-11-17
739,Ddene,Brosius,dbrosiuski@yahoo.co.jp,Female,421-266-7825,230 Leroy Plaza,07032,2,2022-11-01
740,Roy,Shoulder,rshoulderkj@jigsy.com,Male,562-149-1649,98821 Randy Avenue,96160,1,2022-11-04
741,Penrod,Krolman,pkrolmankk@slideshare.net,Male,752-387-8832,492 Shasta Center,77297,3,2022-11-11
742,Townie,Firmage,tfirmagekl@sohu.com,Male,394-334-9879,459 Michigan Trail,48651,1,2022-11-28
743,Libby,Gwillym,lgwillymkm@hexun.com,Female,921-362-5733,027 Pleasure Pass,38310,2,2022-11-07
744,Fredek,Newlands,fnewlandskn@stumbleupon.com,Male,392-595-8223,56 Orin Alley,47958,1,2022-11-06
745,Karol,Sadry,ksadryko@smugmug.com,Female,112-267-5000,87783 Corry Lane,60047,2,2022-11-18
746,Mickey,Nibley,mnibleykp@omniture.com,Male,575-427-8741,8 Hanover Park,12202,1,2022-11-28
747,Gizela,Dreger,gdregerkq@opensource.org,Female,724-419-7306,1 Warbler Court,06062,2,2022-11-07
748,Doro,Durkin,ddurkinkr@symantec.com,Female,182-693-7471,65 Farragut Plaza,60159,1,2022-11-12
749,Mohandas,Salvati,msalvatiks@constantcontact.com,Male,340-636-7343,98 Farragut Drive,02357,2,2022-11-07
750,Micki,Rubee,mrubeekt@nps.gov,Female,480-443-8101,56857 Blaine Point,60934,1,2022-11-20
751,Avigdor,Ciobutaro,aciobutaroku@twitter.com,Male,684-546-6404,105 Corry Parkway,12812,3,2022-11-06
752,Madlen,Jenyns,mjenynskv@weather.com,Female,651-300-3121,21 Onsgard Circle,55467,1,2022-11-07
753,Robinet,Lount,rlountkw@phpbb.com,Male,666-875-7016,01683 Lillian Terrace,71770,2,2022-11-02
754,Hilton,Arkow,harkowkx@google.es,Male,610-967-5412,54 Clove Lane,99752,1,2022-11-10
755,Hi,Smedmoor,hsmedmoorky@usda.gov,Male,281-955-7960,61 Dorton Park,13801,2,2022-11-04
756,Gawain,Sheeres,gsheereskz@fc2.com,Male,235-811-4173,0020 Oneill Lane,15690,1,2022-11-04
757,Vivianne,Duggen,vduggenl0@samsung.com,Female,392-589-6192,6142 Troy Road,09875,2,2022-11-19
758,Cathyleen,Akid,cakidl1@utexas.edu,Female,481-120-0844,6 Walton Park,32244,1,2022-11-16
759,Amberly,Bradshaw,abradshawl2@mapy.cz,Female,489-431-3693,808 Utah Hill,71670,2,2022-11-13
760,Horten,Jugging,hjuggingl3@linkedin.com,Male,850-608-4955,72796 Gina Pass,50043,1,2022-11-22
761,Jeramey,Keirl,jkeirll4@cloudflare.com,Male,149-545-8689,14 Oxford Center,46628,3,2022-11-03
762,Filip,Everleigh,feverleighl5@globo.com,Male,156-451-1977,0 Larry Avenue,01603,1,2022-11-04
763,Kaylil,Adhams,kadhamsl6@creativecommons.org,Female,432-187-5989,9 Northfield Center,03894,2,2022-11-24
764,Lenette,Charnick,lcharnickl7@state.gov,Female,347-215-0443,57 Towne Hill,52742,1,2022-11-09
765,Huberto,Hylton,hhyltonl8@amazon.de,Male,957-591-2917,28 Becker Terrace,26720,2,2022-11-03
766,Rich,D'Ambrosio,rdambrosiol9@pcworld.com,Male,758-874-5494,45773 Roth Terrace,96797,1,2022-11-20
767,Lovell,Bradmore,lbradmorela@prlog.org,Polygender,696-473-4740,06204 Mariners Cove Park,58374,2,2022-11-12
768,Seamus,Tullett,stullettlb@purevolume.com,Male,318-532-6191,9 Toban Center,76264,1,2022-11-30
769,Elbert,Binestead,ebinesteadlc@yandex.ru,Genderfluid,248-872-1602,1009 Valley Edge Center,59749,2,2022-11-26
770,Mayer,Lanchbury,mlanchburyld@instagram.com,Male,988-669-0712,1 Ilene Center,32134,1,2022-11-22
771,Cyndi,Billson,cbillsonle@t-online.de,Female,181-510-9578,36 Dayton Way,19197,3,2022-11-24
772,Elfreda,Davidov,edavidovlf@sohu.com,Female,366-430-6920,10223 Dryden Circle,63769,1,2022-11-16
773,Leshia,Osipov,losipovlg@biblegateway.com,Female,191-305-2114,4 Main Road,66070,2,2022-11-04
774,Crysta,Patroni,cpatronilh@nbcnews.com,Female,111-885-9925,528 Fremont Street,53199,1,2022-11-06
775,Margaret,Pavitt,mpavittli@t.co,Female,363-515-5145,5430 Eliot Lane,78152,2,2022-11-10
776,Kira,Stoodley,kstoodleylj@over-blog.com,Female,503-249-1053,53 Prairie Rose Point,59739,1,2022-11-01
777,Lotti,Litchfield,llitchfieldlk@unc.edu,Female,138-558-4312,692 Stephen Park,36421,2,2022-11-30
778,Coralie,Burbudge,cburbudgell@umich.edu,Female,306-338-4986,4852 Steensland Alley,29934,1,2022-11-07
779,Granger,Klemenz,gklemenzlm@twitter.com,Male,512-568-7744,690 Trailsway Crossing,30039,2,2022-11-03
780,Ash,Kinghorn,akinghornln@army.mil,Non-binary,460-995-0148,41 Rowland Center,36301,1,2022-11-27
781,Glenn,Edgeson,gedgesonlo@illinois.edu,Female,479-121-0625,1857 Cambridge Circle,19060,3,2022-11-17
782,Zachery,Bare,zbarelp@nymag.com,Male,877-405-8125,811 Sachtjen Place,79704,1,2022-11-06
783,Alexia,Clowser,aclowserlq@fema.gov,Female,653-380-4382,625 Heath Avenue,64772,2,2022-11-23
784,Gussy,Fishbie,gfishbielr@list-manage.com,Female,785-814-1974,6 Vidon Drive,67460,1,2022-11-23
785,Leigh,Simonini,lsimoninils@seattletimes.com,Female,193-745-1515,75 Dixon Circle,56627,2,2022-11-23
786,Kain,Aubrey,kaubreylt@globo.com,Male,125-127-3089,9902 Truax Trail,93222,1,2022-11-13
787,Hale,Cranny,hcrannylu@who.int,Male,937-969-8115,27 Stephen Avenue,50123,2,2022-11-12
788,Tina,Cecely,tcecelylv@nps.gov,Female,986-880-8741,2499 Acker Point,53950,1,2022-11-08
789,Albina,Menear,amenearlw@cisco.com,Female,666-504-5783,5458 Meadow Vale Avenue,67114,2,2022-11-24
790,Moore,Brennon,mbrennonlx@php.net,Male,611-785-1837,139 Debs Street,72633,1,2022-11-22
791,Evangeline,Toghill,etoghillly@psu.edu,Female,567-171-8882,0608 Dawn Plaza,66748,3,2022-11-08
792,Virge,Bauckham,vbauckhamlz@cargocollective.com,Male,794-397-7843,395 Northridge Drive,09499,1,2022-11-18
793,Kelcie,Kock,kkockm0@w3.org,Female,767-455-3094,0 Myrtle Junction,84542,2,2022-11-29
794,Perrine,Greenham,pgreenhamm1@dedecms.com,Female,237-409-6216,6205 Oriole Drive,68002,1,2022-12-01
795,Xavier,Christon,xchristonm2@gov.uk,Male,413-613-7232,0 Montana Drive,30266,2,2022-11-26
796,Eldredge,Gorhardt,egorhardtm3@elegantthemes.com,Male,540-673-0623,3173 Superior Terrace,04933,1,2022-11-07
797,Anya,Coffelt,acoffeltm4@addtoany.com,Female,151-207-7320,79668 Clove Terrace,47714,2,2022-11-12
798,Jillayne,Moxley,jmoxleym5@wiley.com,Female,258-281-1333,2 Hoffman Street,76483,1,2022-11-04
799,Aleta,Probey,aprobeym6@mit.edu,Female,219-883-7096,899 Hudson Park,65774,2,2022-11-05
800,Abagail,Holston,aholstonm7@edublogs.org,Female,235-705-1141,374 Fulton Alley,67476,1,2022-11-14
801,Bax,Davio,bdaviom8@nhs.uk,Male,437-557-5390,20910 Superior Trail,50605,3,2022-11-15
802,Oralie,Cushelly,ocushellym9@marketwatch.com,Female,205-977-5614,68707 Jackson Junction,53705,1,2022-11-20
803,Monroe,Kubis,mkubisma@nih.gov,Male,889-408-4331,1 David Circle,01535,2,2022-11-17
804,Justin,Steiner,jsteinermb@amazon.com,Male,680-501-0985,620 Shopko Alley,88220,1,2022-11-21
805,Herby,Peever,hpeevermc@cam.ac.uk,Male,323-348-6825,43599 Lakewood Gardens Plaza,39046,2,2022-11-21
806,Melodie,Pavlov,mpavlovmd@irs.gov,Genderqueer,601-393-6315,3 Manitowish Alley,11414,1,2022-11-02
807,Esteban,Middas,emiddasme@ameblo.jp,Male,666-429-1706,9871 Ridgeway Place,66775,2,2022-11-23
808,Jeniece,Winkle,jwinklemf@fotki.com,Genderqueer,750-381-2315,3 Schlimgen Pass,12148,1,2022-11-16
809,Justus,Espinoy,jespinoymg@liveinternet.ru,Male,237-359-6974,70 Emmet Trail,46244,2,2022-11-16
810,Ethan,MacGilpatrick,emacgilpatrickmh@mail.ru,Male,886-279-6558,245 Becker Drive,74932,1,2022-11-20
811,Galina,Seefus,gseefusmi@mail.ru,Female,878-403-4901,1 Superior Crossing,13404,3,2022-11-20
812,Tamera,Whatling,twhatlingmj@domainmarket.com,Female,576-750-8737,9 Kensington Park,48072,1,2022-11-02
813,Euphemia,Cherrett,echerrettmk@i2i.jp,Female,563-843-3639,439 Bayside Center,46899,2,2022-11-30
814,Cherri,Manginot,cmanginotml@wunderground.com,Female,386-647-1641,2995 Green Ridge Avenue,35485,1,2022-11-24
815,Field,Siggin,fsigginmm@fc2.com,Male,774-634-0162,6 1st Point,37656,2,2022-11-24
816,Filip,Blumson,fblumsonmn@imdb.com,Male,378-784-9114,875 Thackeray Plaza,65257,1,2022-11-02
817,Clerc,Reiglar,creiglarmo@artisteer.com,Male,421-664-1451,1239 Manley Trail,50535,2,2022-11-27
818,Thomas,Darko,tdarkomp@earthlink.net,Male,994-513-5673,70562 Mifflin Drive,99116,1,2022-12-01
819,Marco,Bech,mbechmq@people.com.cn,Male,329-913-9379,9526 Barby Avenue,96039,2,2022-11-17
820,Conny,Woodhouse,cwoodhousemr@alexa.com,Male,208-211-2593,01132 Harper Park,84150,1,2022-11-11
821,Lacey,Schroder,lschroderms@auda.org.au,Female,803-612-0043,2986 Shopko Junction,56524,3,2022-11-05
822,Clio,Bearcroft,cbearcroftmt@jugem.jp,Female,998-574-0376,66575 Eastlawn Court,85609,1,2022-11-29
823,Ailsun,Munkley,amunkleymu@paypal.com,Female,225-944-9383,86 Texas Junction,02460,2,2022-12-01
824,Ulrika,Frede,ufredemv@spotify.com,Female,578-160-0103,796 Lotheville Park,61848,1,2022-11-01
825,Marylin,Dalgarno,mdalgarnomw@zdnet.com,Female,294-575-9911,1447 Manley Trail,46290,2,2022-11-29
826,Isacco,Nairy,inairymx@g.co,Male,756-346-6429,1 Dovetail Way,55594,1,2022-11-17
827,Hester,Stendall,hstendallmy@furl.net,Female,821-936-7703,76170 Meadow Vale Pass,87301,2,2022-11-01
828,Nobie,Schimank,nschimankmz@microsoft.com,Male,518-244-2743,2 Monument Trail,03456,1,2022-11-08
829,Sissie,Jovis,sjovisn0@sogou.com,Female,558-884-8944,2191 Novick Circle,34082,2,2022-11-19
830,Kimmie,Teaze,kteazen1@globo.com,Female,413-766-3798,70 Memorial Crossing,74347,1,2022-12-01
831,Olive,Harmer,oharmern2@skype.com,Genderqueer,999-875-2782,19 Gerald Parkway,20817,3,2022-11-14
832,Bowie,Dabney,bdabneyn3@shareasale.com,Male,180-993-2227,325 Garrison Way,27958,1,2022-11-12
833,Hymie,Whyler,hwhylern4@php.net,Male,272-752-7416,8151 Golf View Drive,08014,2,2022-11-13
834,Bastian,Barrott,bbarrottn5@cpanel.net,Genderqueer,390-218-0954,4 Evergreen Point,15534,1,2022-11-16
835,Constantino,Lockyear,clockyearn6@github.io,Male,193-971-5409,81 South Avenue,99812,2,2022-11-27
836,Joeann,Tebbe,jtebben7@digg.com,Female,290-540-6523,05 Twin Pines Center,09386,1,2022-11-10
837,Editha,Durnall,edurnalln8@meetup.com,Female,155-787-5113,2006 Fremont Avenue,32348,2,2022-11-13
838,Sissie,Duckers,sduckersn9@freewebs.com,Female,311-255-4373,475 Bunker Hill Alley,73105,1,2022-11-26
839,Merwin,Kurdani,mkurdanina@nature.com,Male,676-650-1454,2 Raven Plaza,16354,2,2022-12-01
840,Nealson,Bacon,nbaconnb@washingtonpost.com,Male,724-335-2914,3 Buell Place,06704,1,2022-11-05
841,Robbin,Eouzan,reouzannc@studiopress.com,Female,507-481-6175,93752 Westend Pass,16017,3,2022-11-26
842,Judith,Dewbury,jdewburynd@ehow.com,Female,184-388-0135,33871 Lake View Road,36003,1,2022-11-02
843,Nanette,MacGaughey,nmacgaugheyne@dailymail.co.uk,Female,631-242-1348,4 Arizona Way,62234,2,2022-11-03
844,Belinda,Hawthorne,bhawthornenf@infoseek.co.jp,Female,558-862-5151,87837 Lyons Point,59011,1,2022-11-11
845,Cherry,Rylands,crylandsng@mac.com,Female,936-959-1707,886 Buhler Point,07662,2,2022-11-05
846,Elle,Justice,ejusticenh@a8.net,Female,344-685-6514,27953 Drewry Road,95328,1,2022-11-01
847,Danice,Milroy,dmilroyni@yolasite.com,Polygender,702-718-5614,4138 Lien Drive,74555,2,2022-11-14
848,Gradey,Reilinger,greilingernj@ask.com,Agender,481-421-1898,1 Center Plaza,93717,1,2022-11-23
849,Neville,Raselles,nrasellesnk@blinklist.com,Male,722-695-2791,12472 Randy Alley,46121,2,2022-11-15
850,Carilyn,Sultan,csultannl@rakuten.co.jp,Female,137-894-2744,9 Valley Edge Lane,15868,1,2022-11-15
851,Reagan,Grimsdyke,rgrimsdykenm@ameblo.jp,Non-binary,114-857-2051,3 Gina Lane,48128,3,2022-11-19
852,Benji,Ridler,bridlernn@mozilla.com,Male,289-132-2317,3721 Anderson Place,28721,1,2022-11-12
853,Arri,McTavish,amctavishno@goo.ne.jp,Male,940-622-0969,48 Starling Hill,11713,2,2022-11-21
854,Janine,Marginson,jmarginsonnp@washingtonpost.com,Non-binary,386-142-2763,549 Oak Valley Alley,24892,1,2022-11-17
855,Lyell,Fragino,lfraginonq@w3.org,Male,865-968-6423,63054 Prairie Rose Trail,40022,2,2022-11-24
856,Benoite,Capell,bcapellnr@taobao.com,Female,588-561-3289,95453 Dahle Junction,54540,1,2022-11-30
857,Brita,O'Lochan,bolochanns@vinaora.com,Female,354-281-9749,39390 Marquette Way,43458,2,2022-11-22
858,Neil,McAlinden,nmcalindennt@jiathis.com,Male,440-676-4627,1 Northridge Lane,46373,1,2022-11-09
859,Demetris,Trewhela,dtrewhelanu@pinterest.com,Male,198-459-3064,3784 Morrow Street,45426,2,2022-11-10
860,Ericka,Severy,eseverynv@pen.io,Genderqueer,309-451-7539,86871 Stephen Street,46818,1,2022-12-01
861,Bear,McAvaddy,bmcavaddynw@twitpic.com,Male,102-217-0153,80 Nobel Circle,07007,3,2022-11-09
862,Brockie,Chavrin,bchavrinnx@comcast.net,Male,310-215-0087,9318 Scofield Drive,13660,1,2022-11-27
863,Anna,Lawey,alaweyny@nifty.com,Female,599-504-0261,6 Moland Alley,80544,2,2022-11-04
864,Dion,Daniely,ddanielynz@trellian.com,Male,875-784-9010,3 Harbort Place,06853,1,2022-11-29
865,Rudyard,Glazzard,rglazzardo0@symantec.com,Male,934-505-8109,33 Donald Terrace,27239,2,2022-11-27
866,Felice,Wiltshear,fwiltshearo1@wikia.com,Polygender,957-690-9175,96535 Merry Street,33409,1,2022-11-29
867,Somerset,Fenty,sfentyo2@engadget.com,Non-binary,201-619-9481,9590 Vernon Point,84304,2,2022-11-03
868,Kerrin,Rosenstock,krosenstocko3@pen.io,Female,791-486-3863,450 Birchwood Terrace,10124,1,2022-11-19
869,Karin,McMurty,kmcmurtyo4@statcounter.com,Female,107-568-0538,0431 Scott Center,83542,2,2022-11-03
870,Sarina,Lowing,slowingo5@t.co,Female,819-571-2134,1 Sommers Plaza,73529,1,2022-11-11
871,Elliot,Yantsev,eyantsevo6@gizmodo.com,Male,884-306-1630,86217 Ludington Point,29376,3,2022-11-29
872,Roland,Dowse,rdowseo7@rambler.ru,Male,622-620-9815,2 Eliot Plaza,93932,1,2022-11-12
873,Quinton,Rash,qrasho8@ebay.co.uk,Male,402-568-1607,1822 Victoria Avenue,47584,2,2022-11-03
874,Nolan,Aland,nalando9@trellian.com,Male,828-265-6829,74332 Scoville Lane,02634,1,2022-11-13
875,Nollie,Jarlmann,njarlmannoa@berkeley.edu,Male,139-461-4048,13381 Jana Court,37110,2,2022-11-13
876,Yanaton,Churly,ychurlyob@hatena.ne.jp,Male,635-227-2257,87 Coolidge Drive,43335,1,2022-11-04
877,Arvie,Sarvar,asarvaroc@reference.com,Male,457-460-0773,661 Hoard Way,19482,2,2022-11-05
878,Cristi,Calleja,ccallejaod@yolasite.com,Female,193-514-6622,78 Erie Court,23111,1,2022-12-01
879,Bordy,Seifenmacher,bseifenmacheroe@deviantart.com,Bigender,647-305-8450,92562 Oak Valley Road,35649,2,2022-11-11
880,Arabela,Hevey,aheveyof@merriam-webster.com,Female,101-845-1546,552 Darwin Terrace,23874,1,2022-11-12
881,Dedra,Butner,dbutnerog@dion.ne.jp,Female,534-934-1051,6018 Leroy Terrace,30571,3,2022-11-17
882,Bucky,Giacomoni,bgiacomonioh@senate.gov,Male,455-332-1977,27 Pankratz Park,40353,1,2022-11-16
883,Kit,Oppery,kopperyoi@nsw.gov.au,Male,169-791-6452,0596 Sunbrook Crossing,91182,2,2022-11-19
884,Boone,Bourrel,bbourreloj@senate.gov,Male,700-257-8543,7 Meadow Valley Junction,96678,1,2022-11-23
885,Elmira,Lunnon,elunnonok@wordpress.org,Female,455-256-1445,8 Riverside Junction,62413,2,2022-11-01
886,Kat,Barnet,kbarnetol@photobucket.com,Female,829-643-6742,6021 Redwing Lane,37997,1,2022-11-01
887,Gail,Tremeer,gtremeerom@earthlink.net,Female,160-864-8479,1077 Mosinee Park,65607,2,2022-11-04
888,Sada,Scard,sscardon@army.mil,Female,279-457-4407,82099 Ludington Pass,02171,1,2022-11-09
889,Zollie,Cuvley,zcuvleyoo@pagesperso-orange.fr,Male,362-821-6771,3 Vera Parkway,17829,2,2022-11-11
890,Claude,Grigoire,cgrigoireop@ovh.net,Female,779-100-4341,03242 Transport Road,21288,1,2022-11-29
891,Kaye,Zukierman,kzukiermanoq@jugem.jp,Female,285-492-3440,5 Cardinal Way,14841,3,2022-11-23
892,Vina,Fildery,vfilderyor@hao123.com,Female,529-447-2316,9 Ilene Pass,05161,1,2022-11-02
893,Jolee,Garlicke,jgarlickeos@friendfeed.com,Female,979-283-6591,6757 8th Street,19382,2,2022-11-01
894,Morganne,Aleshintsev,maleshintsevot@google.com.au,Female,514-508-6012,3 Shopko Pass,76448,1,2022-12-01
895,Derrek,Knowlman,dknowlmanou@trellian.com,Male,923-656-5101,3 Holy Cross Way,21093,2,2022-11-27
896,Carlynne,Bilbrey,cbilbreyov@adobe.com,Female,671-986-7697,0803 Mosinee Pass,02908,1,2022-11-06
897,Dorey,Turbat,dturbatow@bloomberg.com,Male,150-563-0066,61633 Dunning Park,49355,2,2022-11-26
898,Catriona,Mustoe,cmustoeox@goodreads.com,Female,275-465-0712,08 Lakewood Court,54626,1,2022-11-20
899,Carny,Stansbie,cstansbieoy@dot.gov,Male,143-990-8133,26 International Drive,33708,2,2022-11-18
900,Modestia,Peltzer,mpeltzeroz@over-blog.com,Female,424-917-5954,128 Helena Junction,60560,1,2022-11-10
901,Titos,Bickmore,tbickmorep0@chron.com,Male,550-445-9401,20383 Esker Junction,62431,3,2022-11-15
902,Elenore,Rubenfeld,erubenfeldp1@webs.com,Genderqueer,275-465-0360,10 Daystar Road,04420,1,2022-11-28
903,Mickie,Ohlsen,mohlsenp2@eepurl.com,Male,496-817-0420,78273 Hanson Trail,55313,2,2022-11-21
904,Tamas,Adkin,tadkinp3@amazon.co.jp,Male,332-403-4215,27772 Cardinal Alley,58205,1,2022-11-01
905,Tucky,Abrahart,tabrahartp4@google.com.au,Male,273-736-1069,45 Becker Street,44221,2,2022-11-15
906,Toddy,Norcross,tnorcrossp5@t.co,Male,333-860-0879,88 School Trail,66041,1,2022-11-20
907,Bernhard,Jakolevitch,bjakolevitchp6@tamu.edu,Bigender,878-134-5685,69 Southridge Hill,60039,2,2022-11-21
908,Casie,Turl,cturlp7@admin.ch,Female,943-963-3200,728 Fallview Place,46113,1,2022-12-01
909,Lambert,Luttgert,lluttgertp8@github.io,Male,310-444-9998,50284 Badeau Court,04622,2,2022-11-25
910,Kimbra,Woolmington,kwoolmingtonp9@mediafire.com,Female,801-458-6153,0850 Jenna Center,54234,1,2022-11-16
911,Mair,Van der Velden,mvanderveldenpa@ning.com,Female,140-292-2591,1185 Fairview Point,48180,3,2022-12-01
912,Mohandas,Tullis,mtullispb@technorati.com,Male,229-467-9669,808 Reindahl Drive,83438,1,2022-11-06
913,Muffin,Ellor,mellorpc@ameblo.jp,Male,991-842-5038,203 Dahle Alley,74134,2,2022-11-23
914,Ganny,Dakhno,gdakhnopd@chron.com,Genderqueer,574-142-0513,7 David Street,84651,1,2022-12-01
915,Sandro,Daunay,sdaunaype@google.nl,Male,138-957-3673,71336 Raven Drive,03841,2,2022-11-09
916,Una,Keable,ukeablepf@adobe.com,Female,202-678-7854,4 Myrtle Terrace,29721,1,2022-11-13
917,Hebert,Minchinden,hminchindenpg@msu.edu,Male,962-997-5028,94 Texas Court,46740,2,2022-11-24
918,Giacinta,Dennistoun,gdennistounph@last.fm,Female,803-569-8953,47 Farmco Crossing,86331,1,2022-11-02
919,Gaston,Prettjohn,gprettjohnpi@bravesites.com,Male,625-141-7933,55 La Follette Point,59111,2,2022-11-03
920,Rianon,Goodyer,rgoodyerpj@jigsy.com,Female,439-917-8322,158 Calypso Parkway,86504,1,2022-11-09
921,Cristen,MacCafferty,cmaccaffertypk@dailymail.co.uk,Female,488-622-6590,44219 Lunder Pass,27054,3,2022-11-22
922,Minnaminnie,Stennes,mstennespl@bizjournals.com,Female,280-658-2918,931 Homewood Center,79781,1,2022-11-11
923,Del,Godart,dgodartpm@mashable.com,Male,283-301-9950,2640 American Ash Trail,14546,2,2022-11-29
924,Denny,O'Carmody,docarmodypn@nature.com,Male,510-452-5809,8272 Kings Place,01536,1,2022-11-25
925,Carol,Kennally,ckennallypo@nsw.gov.au,Female,482-362-4868,8 Briar Crest Lane,93443,2,2022-11-18
926,Adler,Barrett,abarrettpp@printfriendly.com,Polygender,227-736-6939,31 Basil Park,97358,1,2022-11-13
927,Maitilde,Reihm,mreihmpq@psu.edu,Female,270-815-5803,426 Myrtle Hill,48086,2,2022-11-18
928,Jerrylee,Petrussi,jpetrussipr@chron.com,Female,255-905-0395,7102 Elka Crossing,23103,1,2022-11-13
929,Raeann,Gault,rgaultps@loc.gov,Female,817-412-5743,1 Mockingbird Alley,18653,2,2022-11-23
930,Misha,Smithyman,msmithymanpt@tinypic.com,Female,114-880-7571,624 Forest Run Terrace,62085,1,2022-11-04
931,Dion,Mant,dmantpu@mysql.com,Male,487-771-3015,356 Bunting Avenue,55488,3,2022-11-20
932,Eamon,Hexter,ehexterpv@usatoday.com,Male,905-712-6784,2 Mallard Place,56458,1,2022-11-04
933,Jasun,Brisland,jbrislandpw@people.com.cn,Male,727-146-7473,13 Arrowood Terrace,79769,2,2022-11-21
934,Barth,Craw,bcrawpx@wired.com,Male,192-292-4679,882 Ilene Center,68047,1,2022-11-30
935,Genvieve,Davidge,gdavidgepy@wikimedia.org,Female,342-408-1944,4253 Jenna Way,59435,2,2022-11-05
936,Donalt,Agg,daggpz@ihg.com,Male,131-115-7846,6244 Utah Street,02151,1,2022-11-04
937,Robinet,Tebbs,rtebbsq0@smh.com.au,Male,305-251-8901,31 Wayridge Court,80299,2,2022-11-28
938,Bonnee,Angove,bangoveq1@1688.com,Female,635-237-9495,670 Sherman Parkway,07719,1,2022-11-03
939,Linda,Mellody,lmellodyq2@wikimedia.org,Female,759-849-7703,4 Steensland Pass,50041,2,2022-11-01
940,Charleen,Tye,ctyeq3@themeforest.net,Polygender,597-322-3852,405 Melby Plaza,68333,1,2022-11-12
941,Wynn,Sired,wsiredq4@creativecommons.org,Male,225-408-8709,39 Fair Oaks Trail,92410,3,2022-11-15
942,Piper,Arnald,parnaldq5@blogs.com,Female,760-867-8506,9 Rowland Circle,27103,1,2022-11-18
943,Terrell,Cucinotta,tcucinottaq6@fotki.com,Agender,926-518-3544,6703 Stephen Lane,62681,2,2022-11-14
944,Dreddy,Hayter,dhayterq7@gravatar.com,Female,992-438-4029,49633 Shoshone Road,11764,1,2022-11-06
945,Tiff,Mangion,tmangionq8@wikia.com,Female,181-153-4258,8 Fuller Junction,62024,2,2022-11-17
946,Melvyn,Briddle,mbriddleq9@hexun.com,Male,605-191-0794,22035 Beilfuss Hill,57657,1,2022-11-08
947,Mill,Geach,mgeachqa@cloudflare.com,Male,448-843-5805,4 Dixon Parkway,58757,2,2022-11-21
948,Ari,Golden of Ireland,agoldenofirelandqb@about.me,Male,330-749-1869,672 Montana Road,95525,1,2022-11-23
949,Carroll,Richmond,crichmondqc@cyberchimps.com,Male,885-596-1543,040 Eliot Circle,73663,2,2022-11-08
950,Roddie,Hallwell,rhallwellqd@friendfeed.com,Male,556-796-5185,832 Chive Circle,20741,1,2022-11-23
951,Dorette,Spinas,dspinasqe@blogtalkradio.com,Female,527-225-6873,7490 Victoria Park,79057,3,2022-12-01
952,Marci,Bleibaum,mbleibaumqf@irs.gov,Female,935-860-4415,887 Evergreen Pass,20041,1,2022-11-28
953,Gianni,Ornillos,gornillosqg@bloglines.com,Male,121-919-8054,59 Jackson Avenue,04954,2,2022-11-27
954,Eddy,Sanford,esanfordqh@indiatimes.com,Male,305-533-2912,324 Nobel Crossing,84331,1,2022-11-07
955,Haley,Gavriel,hgavrielqi@wp.com,Female,264-115-9452,3 Sherman Street,66080,2,2022-11-21
956,Teddi,Kitchingman,tkitchingmanqj@google.it,Female,384-506-2195,4 Schurz Hill,64494,1,2022-11-20
957,Curcio,Novkovic,cnovkovicqk@printfriendly.com,Male,583-616-0667,016 Gulseth Trail,11241,2,2022-11-02
958,Adel,D'Ugo,adugoql@desdev.cn,Female,370-631-1475,5382 Mccormick Trail,77838,1,2022-11-18
959,Vidovic,Moylan,vmoylanqm@archive.org,Male,269-560-7099,9531 Vermont Trail,09543,2,2022-11-28
960,Irvine,Clifforth,iclifforthqn@comsenz.com,Male,628-229-3842,001 Golf View Terrace,92150,1,2022-11-01
961,Felecia,Gunny,fgunnyqo@cdc.gov,Female,101-395-0392,7664 Lukken Park,06712,3,2022-11-09
962,Trixy,Tarn,ttarnqp@thetimes.co.uk,Female,138-832-6737,998 Reinke Point,47392,1,2022-11-03
963,Chaddy,Fust,cfustqq@geocities.jp,Male,843-945-3090,06 Hintze Plaza,26278,2,2022-11-06
964,Wyndham,Donat,wdonatqr@si.edu,Male,623-218-9794,003 Veith Road,49873,1,2022-11-22
965,Abe,Hansard,ahansardqs@typepad.com,Male,379-640-1473,18 Montana Way,82510,2,2022-11-02
966,Langston,Le Monnier,llemonnierqt@tmall.com,Male,219-977-6374,5901 Banding Alley,08088,1,2022-11-21
967,Vance,Simone,vsimonequ@slate.com,Male,759-608-7911,42 Hollow Ridge Plaza,86433,2,2022-11-30
968,Bev,Checkley,bcheckleyqv@samsung.com,Female,346-584-5371,73497 South Plaza,68322,1,2022-11-25
969,Chlo,Shane,cshaneqw@bizjournals.com,Female,354-798-9708,47 Kensington Court,22191,2,2022-11-09
970,Andonis,Zmitruk,azmitrukqx@gmpg.org,Male,473-219-4957,6 Bluejay Trail,11548,1,2022-11-18
971,Lorne,Ganforth,lganforthqy@themeforest.net,Male,363-352-6830,4 Hallows Alley,26146,3,2022-11-19
972,Boone,Vousden,bvousdenqz@unc.edu,Male,278-499-6866,818 Pond Park,68001,1,2022-11-03
973,Demeter,Palumbo,dpalumbor0@virginia.edu,Female,276-827-1501,9219 Del Mar Circle,49116,2,2022-11-24
974,Milly,Jotham,mjothamr1@zimbio.com,Female,265-409-1753,58 Graedel Crossing,70140,1,2022-11-19
975,Zachery,Toye,ztoyer2@sogou.com,Male,431-486-8120,7 Elka Crossing,79742,2,2022-11-22
976,Oran,Keigher,okeigherr3@bluehost.com,Male,210-553-2417,26511 Spaight Park,83712,1,2022-11-29
977,Marget,Shadfourth,mshadfourthr4@pbs.org,Female,855-521-0782,94 Rutledge Terrace,07885,2,2022-11-12
978,Brigg,Lauridsen,blauridsenr5@gizmodo.com,Male,410-479-5928,487 Hansons Street,67036,1,2022-11-14
979,Adrea,Surpliss,asurplissr6@1und1.de,Female,815-206-7843,35 Golf Course Hill,35453,2,2022-11-25
980,Brendin,Dakers,bdakersr7@behance.net,Genderfluid,570-788-3834,1554 Fuller Drive,62617,1,2022-11-04
981,Amerigo,Probbin,aprobbinr8@unblog.fr,Male,397-984-6499,54 Paget Circle,43832,3,2022-11-11
982,June,Durrell,jdurrellr9@berkeley.edu,Female,783-554-1138,07 Artisan Pass,39206,1,2022-11-05
983,Krystalle,Cuff,kcuffra@japanpost.jp,Female,555-958-9520,51 4th Court,58238,2,2022-11-13
984,Alexei,Taplow,ataplowrb@state.gov,Male,996-259-4006,05 Kenwood Parkway,76426,1,2022-11-28
985,North,Stokell,nstokellrc@engadget.com,Male,875-452-0877,801 Brown Terrace,47568,2,2022-11-19
986,Hercule,Pietrzak,hpietrzakrd@howstuffworks.com,Male,488-795-2961,524 Ramsey Terrace,31820,1,2022-11-27
987,Audy,Klimochkin,aklimochkinre@sogou.com,Female,529-421-3824,53151 Clyde Gallagher Way,83610,2,2022-11-22
988,Fancie,Overington,foveringtonrf@kickstarter.com,Female,426-887-3283,06371 Cascade Junction,27544,1,2022-11-12
989,Pauly,Davitt,pdavittrg@over-blog.com,Male,441-669-2977,13174 Sommers Way,26325,2,2022-11-25
990,Clarke,Qusklay,cqusklayrh@jalbum.net,Male,521-753-7542,63427 Oak Valley Way,73760,1,2022-11-05
991,Willyt,Spenceley,wspenceleyri@biglobe.ne.jp,Female,779-202-1325,82 Milwaukee Court,23661,3,2022-11-27
992,Dalton,Trustrie,dtrustrierj@ameblo.jp,Male,824-917-9722,71 Parkside Way,78622,1,2022-11-02
993,Mischa,Bing,mbingrk@nba.com,Male,350-139-4253,770 Corscot Terrace,48391,2,2022-11-01
994,Erinna,Haskayne,ehaskaynerl@amazon.com,Female,887-625-4005,7 Holy Cross Crossing,54739,1,2022-11-28
995,Wendy,Hartshorn,whartshornrm@shareasale.com,Female,574-393-8387,157 Novick Hill,37408,2,2022-11-05
996,Chas,Gurry,cgurryrn@washingtonpost.com,Male,490-768-9094,27 Grim Parkway,19474,1,2022-11-20
997,Janaya,Demko,jdemkoro@illinois.edu,Female,934-687-7376,51 Prentice Hill,37669,2,2022-11-23
998,Ethelin,Dorran,edorranrp@sogou.com,Female,990-455-6036,0 Vera Hill,79711,1,2022-11-26
999,Ludwig,Chater,lchaterrq@arizona.edu,Male,408-350-1557,4 Mockingbird Alley,66006,2,2022-11-15
1000,Cosetta,D'Adda,cdaddarr@hexun.com,Female,771-980-6223,33 Paget Avenue,22153,1,2022-11-29
